1,1242369633,LUCINIA,ZURDO,1942-10-29,M,Los Ríos,BABA,11624.00,24415.00
2,1851811271,MARIAN,SERBAN,1928-11-25,H,Tungurahua,MOCHA,92895.00,26796.00
3,2423042775,GONZALO JAVIER,CAÃ‘ELLAS,1924-05-24,H,Santa Elena,SALINAS,79276.00,74563.00
4,1759887555,PEDRO PABLO,TORNE,1949-11-09,H,Pichincha,MEJIA,36868.00,31829.00
5,0948544440,BARRY,PLANAS,1953-03-09,H,Guayas,MILAGRO,89887.00,8838.00
6,0553252305,OVIDIO,ESTRUCH,1953-03-25,H,Cotopaxi,LA MANA,95338.00,42674.00
7,0243483070,VILMA,SAURA,1953-06-09,M,Bolívar,SAN JOSE DE CHIMBO,87748.00,80596.00
8,2455714572,EDMUNDO,REGUERO,1943-01-19,H,Santa Elena,LIBERTAD,77186.00,98438.00
9,0848748703,JUANA ROSA,LIMA,1951-01-22,M,Esmeraldas,QUININDE,27557.00,12087.00
10,0823505383,JOSE SANTOS,PARREÃ‘O,1944-05-30,H,Esmeraldas,ELOY ALFARO,94020.00,35178.00
11,0937369122,RUT,PEÃ‘A,1938-03-28,M,Guayas,LOMAS DE SARGENTILLO,16756.00,33054.00
12,0956825624,BONIFACIO,SANS,1928-11-22,H,Guayas,BALAO,42183.00,32718.00
13,0637932575,VICTOR RAMON,NICOLAU,1947-04-04,H,Chimborazo,RIOBAMBA,40744.00,49755.00
14,0941621062,MIGUEL JESUS,MOLINA,1954-01-08,H,Guayas,NOBOL,84302.00,44680.00
15,2441645153,ANA ELENA,SARRION,1937-08-16,M,Santa Elena,SALINAS,20536.00,13202.00
16,1046958755,KRISTINA,PAÃ‘OS,1952-09-20,M,Imbabura,OTAVALO,89593.00,30882.00
17,0911997609,AFRICA,DURAN,1944-10-23,M,Guayas,SAMBORONDON,85940.00,41946.00
18,0921957858,FUENSANTA,MONGE,1938-08-05,M,Guayas,ISIDRO AYORA,50862.00,51983.00
19,1758225088,SANDRA ELIZABETH,CHAMIZO,1951-08-27,M,Pichincha,RUMIÑAHUI,92282.00,48708.00
20,2229109224,OSCAR DANIEL,CEBALLOS,1949-01-08,H,Orellana,LA JOYA DE LOS SACHAS,22255.00,64109.00
21,0933256323,VICENTE MIGUEL,CAMARGO,1930-06-22,H,Guayas,PLAYAS,69206.00,65017.00
22,2356079752,ATILANO,BRAGADO,1938-08-17,H,Santo Domingo,SANTO DOMINGO DE LOS TSACHILAS,24153.00,46162.00
23,0944735984,JUANA,RAMOS,1949-10-11,M,Guayas,BALZAR,66395.00,12180.00
24,0945530996,VERA,AGUILA,1934-07-09,M,Guayas,URBINA JADO,80423.00,78804.00
25,1721011508,CRUZ,CAZORLA,1925-05-19,M,Pichincha,CAYAMBE,8681.00,1796.00
26,0951023654,CESAR,NOVILLO,1939-01-21,H,Guayas,MILAGRO,21546.00,36010.00
27,1344808678,DAVINIA,CONESA,1928-10-15,M,Manabí,EL CARMEN,66278.00,54463.00
28,0917730244,CARMELINA,OLMEDA,1941-04-25,M,Guayas,EL TRIUNFO,2608.00,35601.00
29,0915478796,JOSEPHINE,CISNEROS,1935-08-08,M,Guayas,NARANJITO,41950.00,67177.00
30,1846676904,MARAVILLAS,BUITRAGO,1947-05-06,M,Tungurahua,TISALEO,90954.00,50609.00
31,0922730338,MARIA ARANZAZU,CANCELA,1947-01-15,M,Guayas,DURAN,13459.00,39542.00
32,0148920788,RUBEN JOSE,GIRALDO,1928-08-30,H,Azuay,GIRON,55545.00,73075.00
33,1757440050,RICARDO JESUS,REIG,1932-09-09,H,Pichincha,SAN MIGUEL DE LOS BANCOS,66918.00,63257.00
34,1311363905,EPIFANIO,CALIN,1953-11-07,H,Manabí,SANTA ANA,29329.00,51788.00
35,1755949888,MACARENA,BARRO,1938-04-16,M,Pichincha,RUMIÑAHUI,72461.00,39479.00
36,0107168809,LUIS CARLOS,VIEJO,1931-02-22,H,Azuay,GIRON,95301.00,19099.00
37,1029306626,ELISA ISABEL,DEL PINO,1952-06-28,M,Imbabura,ANTONIO ANTE,6877.00,28454.00
38,1033942234,FRANCISCA ISABEL,GABARRI,1941-02-13,M,Imbabura,OTAVALO,69017.00,74405.00
39,2135970651,MARKUS,CHAMIZO,1925-02-16,H,Sucumbíos,SHUSHUFINDI,44356.00,30369.00
40,0919345603,MARIA VILLA,LLADO,1950-08-28,M,Guayas,MILAGRO,17634.00,81622.00
41,2427914763,CARLOS VICENTE,INFANTES,1953-09-25,H,Santa Elena,SALINAS,34493.00,17715.00
42,1948100589,IRENA,CAÃ‘ADAS,1941-03-20,M,Zamora Chinchipe,ZAMORA,67479.00,56538.00
43,1057661355,PETRONILA,CASTAN,1937-10-20,M,Imbabura,SAN MIGUEL DE URCUQUI,39576.00,67406.00
44,0956072128,JOSE BENJAMIN,ANTELO,1948-12-03,H,Guayas,URBINA JADO,62263.00,42170.00
45,1007522962,FROILAN,DUQUE,1928-01-28,H,Imbabura,COTACACHI,29394.00,8386.00
46,1352862302,ANA ISABEL,AYALA,1954-11-14,M,Manabí,OLMEDO,56220.00,72274.00
47,0913213260,CECILIO,DEL RIO,1941-04-06,H,Guayas,DURAN,11590.00,90822.00
48,0746850163,ARAN,BARRETO,1936-12-20,H,El Oro,PIÑAS,25539.00,99993.00
49,1335450217,DEYANIRA,MATEOS,1949-07-28,M,Manabí,24 DE MAYO,69817.00,91835.00
50,2341619746,JUANA DOLORES,BENEDICTO,1953-05-22,M,Santo Domingo,SANTO DOMINGO DE LOS TSACHILAS,83043.00,54024.00
51,1349808368,MUHAMADOU,HERRERO,1924-03-12,H,Manabí,ROCAFUERTE,70151.00,37438.00
52,0703726646,JUDIT,GUINEA,1939-11-01,M,El Oro,LAS LAJAS,39861.00,45155.00
53,2421653094,NELI,DE DIEGO,1936-09-13,M,Santa Elena,LIBERTAD,79685.00,13164.00
54,0927576579,MAUREEN,XIA,1945-12-22,M,Guayas,MILAGRO,80724.00,65956.00
55,0937831063,MOUNIA,BLANCA,1946-01-10,M,Guayas,LOMAS DE SARGENTILLO,6585.00,81530.00
56,1925110064,YASMINA,PARREÃ‘O,1931-02-21,M,Zamora Chinchipe,NANGARITZA,71457.00,96870.00
57,1343821623,MARTA MARIA,JAREÃ‘O,1935-04-14,M,Manabí,MONTECRISTI,99177.00,9432.00
58,1302954480,NAJOUA,GONZALVO,1923-03-22,M,Manabí,JUNIN,29041.00,88427.00
59,0548283464,RACHID,MOLANO,1949-07-25,H,Cotopaxi,LATACUNGA,14651.00,84961.00
60,0158280446,ABDERRAZAK,HU,1922-09-22,H,Azuay,NABON,7198.00,79203.00
61,0902621481,ELSA MARIA,FILGUEIRA,1951-08-02,M,Guayas,SAMBORONDON,79745.00,24588.00
62,1014814014,CINTA,SANS,1922-01-17,M,Imbabura,IBARRA,21126.00,4783.00
63,1343314199,RAFAEL MANUEL,CORPAS,1935-07-10,H,Manabí,SUCRE,15677.00,8681.00
64,0251619367,ATANAS,BARREIRO,1940-12-15,H,Bolívar,ECHEANDIA,38262.00,43971.00
65,1752474583,BLANCA ISABEL,CHINEA,1948-12-08,M,Pichincha,PEDRO MONCAYO,75899.00,70799.00
66,2411962901,KRISTIAN,ORTI,1938-06-03,H,Santa Elena,SANTA ELENA,1076.00,27869.00
67,0303202840,JOZEF,DIEGUEZ,1931-06-11,H,Cañar,BIBLIAN,1534.00,78156.00
68,1355039668,HEINZ,BORRALLO,1929-03-02,H,Manabí,EL CARMEN,44934.00,74309.00
69,1928709078,EMIL,PINTOS,1936-05-02,H,Zamora Chinchipe,PALANDA,49160.00,17415.00
70,1721568002,BALTASARA,CABAÃ‘AS,1932-02-20,M,Pichincha,CAYAMBE,40701.00,31474.00
71,0906359922,BADR,CARRERA,1947-01-14,H,Guayas,NOBOL,71493.00,82127.00
72,2111885543,ELENE,ZAFRA,1940-12-08,M,Sucumbíos,PUTUMAYO,78481.00,53409.00
73,0925849226,SECUNDINO,ALMANSA,1952-12-19,H,Guayas,BALAO,1066.00,30125.00
74,0801662388,ZORAIDA,CORREDOR,1953-05-20,M,Esmeraldas,LA CONCORDIA,72742.00,7350.00
75,1127815833,IDRISSA,GIMENO,1934-06-17,H,Loja,PALTAS,78216.00,44442.00
76,1705212635,GERARDO JOSE,UBEDA,1933-10-10,H,Pichincha,PEDRO VICENTE MALDONADO,85976.00,29574.00
77,2451935437,MYRIAN,BRIZ,1950-09-01,M,Santa Elena,SANTA ELENA,50873.00,20236.00
386,0942863507,JOLANTA,CAVA,1996-01-28,M,Guayas,SIMON BOLIVAR,54113.00,51809.00
78,0856140397,CYNTHIA,BUITRAGO,1932-04-24,M,Esmeraldas,LA CONCORDIA,62877.00,23019.00
79,0441129632,ANGEL EDUARDO,CAPITAN,1928-03-11,H,Carchi,TULCAN,31358.00,20643.00
80,0845821297,ALEJANDRO DANIEL,DE SOUSA,1942-04-06,H,Esmeraldas,ESMERALDAS,31456.00,63567.00
81,0803303189,MARIA FLORENTINA,LLACER,1947-09-30,M,Esmeraldas,SAN LORENZO,10050.00,54999.00
82,2454035250,NATALIE,TREJO,1934-11-11,M,Santa Elena,SANTA ELENA,98787.00,36475.00
83,0903726693,MARIA GRACIELA,RIBERA,1928-05-27,M,Guayas,BALZAR,36516.00,99877.00
84,0949955348,ROI,BEDOYA,1921-02-16,H,Guayas,GUAYAQUIL,50206.00,17794.00
85,1827983444,BARBARA MARIA,VILLARREAL,1934-08-25,M,Tungurahua,QUERO,70465.00,39747.00
86,1055646911,CRISTINA ISABEL,TORRADO,1932-10-27,M,Imbabura,IBARRA,14742.00,58542.00
87,1239670753,MARIBEL,LLEDO,1955-11-19,M,Los Ríos,VALENCIA,56648.00,65061.00
88,0411198559,JANINE,INGLES,1928-03-27,M,Carchi,SAN PEDRO DE HUACA,12128.00,97585.00
89,0722098886,MUSTAFA,FORMOSO,1953-09-12,H,El Oro,ATAHUALPA,59005.00,96320.00
90,1323409902,JOSE MARCOS,DE LA TORRE,1938-03-18,H,Manabí,TOSAGUA,8699.00,89585.00
91,1153780646,MARIUSZ,GRACIA,1952-07-19,H,Loja,CALVAS,3986.00,36433.00
92,1751092733,PABLO DAVID,ESPARZA,1951-02-02,H,Pichincha,PEDRO MONCAYO,38429.00,61079.00
93,1726843640,ROSARIO,MESTRES,1955-03-27,H,Pichincha,PEDRO MONCAYO,99267.00,82270.00
94,0123147589,JENNYFER,ZHANG,1945-03-16,M,Azuay,SANTA ISABEL,42158.00,7058.00
95,1757257157,JOSEFINA,DIZ,1937-04-19,M,Pichincha,PEDRO VICENTE MALDONADO,36394.00,22461.00
96,0904406279,HAYDEE,LUJAN,1936-03-14,M,Guayas,NARANJITO,72141.00,76685.00
97,0943327668,MARIA GADOR,ZAFRA,1955-01-11,M,Guayas,PEDRO CARBO,26986.00,43103.00
98,1801100270,NICULINA,PRADA,1940-01-03,M,Tungurahua,TISALEO,87088.00,88004.00
99,0953643897,ANTOINE,CARTAGENA,1940-10-09,H,Guayas,ALFREDO BAQUERIZO MORENO ,16671.00,75847.00
100,0401434915,LUIS GONZALO,VILLANUEVA,1927-05-28,H,Carchi,MONTUFAR,95857.00,86807.00
101,1734963794,AYTHAMI,ENRIQUE,1927-08-25,H,Pichincha,RUMIÑAHUI,61209.00,51959.00
102,0949962419,PABLO FRANCISCO,BROTONS,1944-06-26,H,Guayas,ALFREDO BAQUERIZO MORENO ,30677.00,11293.00
103,1727467274,ASER,CHICHARRO,1945-01-03,H,Pichincha,MEJIA,17709.00,2998.00
104,1558313399,MANUEL JUAN,CASADO,1924-03-05,H,Napo,QUIJOS,52983.00,91759.00
105,0457264984,FELICIANA,REVERT,1930-05-11,M,Carchi,BOLIVAR,41608.00,52729.00
106,0812017424,MANUELA,MELO,1928-08-31,M,Esmeraldas,RIOVERDE,89853.00,41177.00
107,0954861126,RENE,NAVA,1935-05-16,H,Guayas,EL EMPALME,9906.00,89058.00
108,1721449781,CARLES,CASCALES,1939-08-05,H,Pichincha,MEJIA,48236.00,74077.00
109,0725040828,JOAN MIQUEL,MENENDEZ,1946-01-19,H,El Oro,CHILLA,220.00,54668.00
110,1203738768,ALMA,SINGH,1932-09-14,M,Los Ríos,BABAHOYO,75137.00,35513.00
111,0153141411,PAOLA,DE LA CALLE,1947-04-24,M,Azuay,CHORDELEG,19417.00,13760.00
112,1135633053,ADORACION,DUAL,1952-03-09,M,Loja,ZAPOTILLO,34735.00,52168.00
113,1253444564,MOHAMED LARBI,HOYOS,1947-02-12,H,Los Ríos,BABA,63485.00,25093.00
114,1107818716,ANDRES,BARRERA,1952-10-09,H,Loja,CHAGUARPAMBA,64954.00,23341.00
115,0132168949,TERENCE,BUJAN,1944-12-04,H,Azuay,CAMILO PONCE ENRIQUEZ,55750.00,88184.00
116,1701654228,JESICA,PEDROSA,1937-12-17,M,Pichincha,PEDRO VICENTE MALDONADO,5927.00,67405.00
117,1745715787,BALTASAR,DE CASTRO,1940-06-02,H,Pichincha,PUERTO QUITO,35160.00,33327.00
118,0744604158,DANIEL JOSE,CRUZ,1926-02-28,H,El Oro,PASAJE,32773.00,77394.00
119,0805346970,YANIRA,TREJO,1950-06-12,M,Esmeraldas,ELOY ALFARO,93925.00,27212.00
120,1259116901,MARAVILLAS,FERIA,1951-08-31,M,Los Ríos,URDANETA,58644.00,26203.00
121,0258647213,SAMIRA,JI,1945-10-04,M,Bolívar,SAN MIGUEL,58930.00,61099.00
122,1239793662,AHMAD,MAZON,1922-03-15,H,Los Ríos,VALENCIA,42183.00,24937.00
123,0915597785,JOSE RUBEN,MORILLO,1934-09-11,H,Guayas,DAULE,26859.00,52393.00
124,1716269947,VALENTIN,MORA,1936-02-04,H,Pichincha,SAN MIGUEL DE LOS BANCOS,76526.00,65373.00
125,0913774550,MARÃ‡AL,PONS,1940-04-15,H,Guayas,SIMON BOLIVAR,12526.00,68309.00
126,0911311025,LUIS ANDRES,LARGO,1924-05-16,H,Guayas,NARANJAL,19514.00,75545.00
127,0947816492,VICENTE RAFAEL,CORBALAN,1930-09-27,H,Guayas,NARANJITO,92296.00,53567.00
128,1739204707,JUAN ESTEBAN,PRADO,1953-12-19,H,Pichincha,PUERTO QUITO,50038.00,83231.00
129,0913051470,BAUDILIO,CHAVES,1933-08-26,H,Guayas,DAULE,27366.00,66307.00
130,0912269917,JERONIMA,URIARTE,1925-01-06,M,Guayas,NARANJAL,90571.00,32215.00
131,1128649967,AMANDO,VIGO,1947-06-27,H,Loja,CALVAS,29696.00,79577.00
132,1721946414,SMAIL,PAGAN,1947-10-10,H,Pichincha,PEDRO VICENTE MALDONADO,2454.00,23056.00
133,2349759767,JOSEPA,HUESO,1922-08-28,M,Santo Domingo,SANTO DOMINGO DE LOS TSACHILAS,53537.00,54937.00
134,0907773261,LORENA,LABORDA,1925-06-12,M,Guayas,BALZAR,41559.00,72633.00
135,0132042912,IBAN,VIVO,1929-12-30,H,Azuay,OÑA,57302.00,29153.00
136,0142472836,ROLANDO,LARGO,1953-10-20,H,Azuay,GUACHAPALA,50317.00,82133.00
137,2402040030,GUILLERMA,VICTORIA,1954-06-27,M,Santa Elena,SALINAS,71849.00,9853.00
138,1744864404,VALERIE,TUDOR,1945-12-17,M,Pichincha,MEJIA,45320.00,63407.00
139,1822411110,JUAN CARMELO,MIQUEL,1948-02-18,H,Tungurahua,AMBATO,78213.00,5450.00
140,1749341424,HANS PETER,CONEJO,1932-07-28,H,Pichincha,RUMIÑAHUI,97261.00,24728.00
141,1754266656,FATIMA ZOHRA,LOMAS,1923-10-29,M,Pichincha,RUMIÑAHUI,56771.00,35425.00
142,1213747080,LIDUVINA,COLL,1948-11-20,M,Los Ríos,PALENQUE,30749.00,88317.00
143,2309742902,GARA,BONO,1921-06-19,M,Santo Domingo,SANTO DOMINGO DE LOS TSACHILAS,7435.00,45538.00
144,0408783082,CANDELARIA,MORATO,1947-10-12,M,Carchi,MONTUFAR,14780.00,40395.00
145,1212645061,LOUBNA,AGUILAR,1948-03-11,M,Los Ríos,PALENQUE,58360.00,37394.00
146,1326778790,JULIO FRANCISCO,BARBERO,1951-07-12,H,Manabí,JAMA,93303.00,68805.00
147,2235113608,MAURICIO,LORITE,1931-06-22,H,Orellana,LORETO,85169.00,78377.00
148,1356427391,MANUEL MIGUEL,ALBERTO,1939-07-06,H,Manabí,TOSAGUA,23761.00,86651.00
149,0958861015,OSCAR MANUEL,MONTORO,1951-12-23,H,Guayas,SAMBORONDON,47728.00,4582.00
150,1305404160,CRISTINA VICTORIA,MEGIAS,1948-12-09,M,Manabí,PUERTO LOPEZ,26526.00,9612.00
151,0901623421,CRISTOFER,AUGUSTO,1967-04-15,H,Guayas,COLIMES,18559.00,20439.00
152,1825201906,ALAIN,CRESPO,1958-07-17,H,Tungurahua,MOCHA,53466.00,13342.00
153,0615674124,ANA DELIA,BELTRAN,1963-12-03,M,Chimborazo,CUMANDA,96243.00,53033.00
154,1729969566,ABDOULAYE,CALZADO,1965-05-08,H,Pichincha,PUERTO QUITO,95910.00,61173.00
387,0929687366,OLENA,SOLE,1997-11-01,M,Guayas,PALESTINA,2353.00,73573.00
155,1756514442,FELIX MIGUEL,PERERA,1961-07-14,H,Pichincha,SAN MIGUEL DE LOS BANCOS,49686.00,39785.00
156,0539822304,RABAH,ZARCO,1959-04-08,H,Cotopaxi,PANGUA,84640.00,85973.00
157,0153410949,GABRIEL JESUS,RIOS,1970-03-21,H,Azuay,OÑA,84920.00,27899.00
158,1143977567,LINA MARIA,TORO,1968-04-24,M,Loja,SOZORANGA,59447.00,96759.00
159,0731788311,ANTONIO ANDRES,ROLDAN,1960-07-26,H,El Oro,SANTA ROSA,1844.00,8185.00
160,1947951594,ABDELLATIF,SORO,1964-11-16,H,Zamora Chinchipe,YACUAMBI,68298.00,41293.00
161,0934665795,BETTY,REVERTE,1965-07-14,M,Guayas,GUAYAQUIL,49269.00,69993.00
162,2439619814,HELIODORA,LAGARES,1963-05-26,M,Santa Elena,SANTA ELENA,67105.00,84297.00
163,0155779358,VICENTE MIGUEL,MANSO,1968-11-01,H,Azuay,GUALACEO,75075.00,67254.00
164,1746896669,CECILIA,COZAR,1958-06-07,M,Pichincha,PEDRO MONCAYO,45134.00,88053.00
165,2212683094,MARIA REMEI,GALARZA,1956-03-28,M,Orellana,ORELLANA,82180.00,16317.00
166,0818356644,MARIA GENOVEVA,CUESTA,1958-05-17,M,Esmeraldas,ELOY ALFARO,48388.00,75869.00
167,1748224654,ADOLFO JOSE,MANERO,1959-05-17,H,Pichincha,PUERTO QUITO,4884.00,14605.00
168,0119259281,JOSE MIGUEL,TEJERA,1970-12-05,H,Azuay,SEVILLA DE ORO,38228.00,5538.00
169,1711990489,MARIA LUISA,DE SOUSA,1956-02-27,M,Pichincha,PEDRO VICENTE MALDONADO,82101.00,493.00
170,1627075706,JOAQUIN JOSE,RIGO,1961-05-23,H,Pastaza,PASTAZA,99221.00,37748.00
171,0714149937,MARIA MONTAÃ‘A,PIQUER,1961-04-16,M,El Oro,MACHALA,51617.00,44864.00
172,2111066714,OKSANA,CUESTA,1970-11-11,M,Sucumbíos,GONZALO PIZARRO,69766.00,10768.00
173,1321496109,PABLO JAVIER,PIMENTEL,1957-04-13,H,Manabí,OLMEDO,4192.00,25257.00
174,1702979848,THIAGO,PEDROS,1957-06-30,H,Pichincha,PEDRO VICENTE MALDONADO,47806.00,78585.00
175,0903560779,VERA LUCIA,BORRALLO,1968-10-21,M,Guayas,BALAO,15576.00,33745.00
176,1733245250,KARLA,FLORIDO,1966-02-21,M,Pichincha,PEDRO MONCAYO,19028.00,88558.00
177,0853322402,VICENTE,PALMERO,1957-05-29,H,Esmeraldas,QUININDE,75470.00,20595.00
178,1702264803,NEREIDA,GALLO,1958-05-10,M,Pichincha,QUITO,68983.00,58818.00
179,0918086430,HELEN,MACIA,1965-04-21,M,Guayas,BALAO,74746.00,10813.00
180,0903615789,LUIS RAFAEL,ROS,1964-02-01,H,Guayas,SAMBORONDON,69271.00,38972.00
181,0222475824,EUTIQUIO,GASPAR,1959-06-14,H,Bolívar,ECHEANDIA,55492.00,10983.00
182,1309574349,JUAN ALEJANDRO,LAFUENTE,1969-12-16,H,Manabí,24 DE MAYO,5007.00,67222.00
183,2447479250,JOSE HUMBERTO,AIZPURUA,1963-04-15,H,Santa Elena,LIBERTAD,12945.00,42742.00
184,2345831081,EIDER,BERMUDO,1965-11-04,M,Santo Domingo,SANTO DOMINGO DE LOS TSACHILAS,42414.00,59706.00
185,1841596339,CRISTOFER,DEL OLMO,1963-10-21,H,Tungurahua,SANTIAGO DE PILLARO ,14422.00,37089.00
186,2108509296,SUSANA ISABEL,CHACON,1961-02-10,M,Sucumbíos,CUYABENO,30566.00,10054.00
187,1712190162,ROCIO,DE LA MATA,1960-06-19,M,Pichincha,MEJIA,80398.00,24424.00
188,0135039675,TIAGO,REVILLA,1965-02-28,H,Azuay,PUCARA,80742.00,12907.00
189,0537479990,AMADEU,ILIE,1960-11-02,H,Cotopaxi,PANGUA,4414.00,16184.00
190,0827751231,VIKTORIYA,AYLLON,1959-10-18,M,Esmeraldas,ATACAMES,34373.00,7851.00
191,0944978675,LILIA,BURGOS,1965-05-19,M,Guayas,PEDRO CARBO,43067.00,97343.00
192,1718896499,JOSE JULIO,ROIG,1956-03-28,H,Pichincha,RUMIÑAHUI,79683.00,53600.00
193,1732695497,NADEEM,LEAL,1962-12-25,H,Pichincha,PUERTO QUITO,57649.00,29254.00
194,0959828302,STEPHANIE,BREA,1968-01-26,M,Guayas,YAGUACHI,21963.00,51286.00
195,0726442718,WILFREDO,ROCHA,1965-05-12,H,El Oro,BALSAS,41986.00,97477.00
196,1302780810,CHRISTOPHER JOHN,ALCOCER,1956-10-27,H,Manabí,OLMEDO,78918.00,83083.00
197,0451765044,JUAN BERNARDO,QUINTELA,1967-09-18,H,Carchi,TULCAN,67285.00,76821.00
198,0942274499,JESSICA MARIA,BORT,1959-01-28,M,Guayas,DURAN,35186.00,69333.00
199,0532698669,IGOR,GUEDES,1965-03-11,H,Cotopaxi,LATACUNGA,76216.00,63951.00
200,1203632391,MATEA,VICENS,1963-08-27,M,Los Ríos,URDANETA,64378.00,66196.00
201,0932757255,FRANCESC XAVIER,GONÃ‡ALVES,1958-07-27,H,Guayas,COLIMES,67042.00,59948.00
202,2223609054,ALBERTO LUIS,OROZCO,1968-03-10,H,Orellana,LA JOYA DE LOS SACHAS,81843.00,21208.00
203,0939617502,EDUARDO JESUS,ESPEJO,1956-01-07,H,Guayas,URBINA JADO,13148.00,14920.00
204,0601092141,DIEGO ALEJANDRO,YEBRA,1970-01-22,H,Chimborazo,CUMANDA,14772.00,85280.00
205,1728472448,MARIA AGUSTINA,RAMIREZ,1956-03-20,M,Pichincha,CAYAMBE,48206.00,71810.00
206,0627063555,ROMEO,VILLAR,1957-11-26,H,Chimborazo,ALAUSI,44791.00,45097.00
207,1308749595,ANTONIO PEDRO,CANCELA,1965-08-23,H,Manabí,JARAMIJO,43804.00,71798.00
208,0951549377,MARIA EVANGELINA,OLLE,1960-05-28,M,Guayas,URBINA JADO,71374.00,60735.00
209,1721126223,SERGIO MIGUEL,RICO,1957-03-11,H,Pichincha,QUITO,84021.00,30426.00
210,1722838057,LAIA,MARQUEZ,1962-01-15,M,Pichincha,RUMIÑAHUI,9598.00,83765.00
211,1735013946,SENEN,ENCISO,1970-09-19,H,Pichincha,RUMIÑAHUI,85177.00,38349.00
212,0916594021,FULGENCIA,CASTILLEJO,1965-12-22,M,Guayas,DAULE,39897.00,44919.00
213,1345674186,JOSE ANTONIO,BENAVIDES,1968-07-04,H,Manabí,PICHINCHA,66563.00,23110.00
214,0113156251,LISARDO,DOS ANJOS,1957-09-25,H,Azuay,SIGSIG,67507.00,41761.00
215,2238700328,ALEXANDRU GABRIEL,MARTINEZ,1962-09-30,H,Orellana,LORETO,56436.00,27304.00
216,1711877181,JEAN PIERRE,PALACIOS,1956-12-05,H,Pichincha,QUITO,1277.00,26018.00
217,0903686814,ELENA DANIELA,LOUREIRO,1966-04-16,M,Guayas,COLIMES,31982.00,7817.00
218,0645782574,CARLOS ADRIAN,LAPEÃ‘A,1960-01-17,H,Chimborazo,GUAMOTE,49670.00,59737.00
219,0222082471,MARIA VALENTINA,IVARS,1956-01-02,M,Bolívar,SAN JOSE DE CHIMBO,7156.00,52654.00
220,1257489391,ESTRELLA,MACHADO,1967-11-20,M,Los Ríos,BABA,44627.00,46413.00
221,0107682304,HOMBRE,SAMANIEGO,1960-01-26,H,Azuay,OÑA,89610.00,26663.00
222,0144462579,CONSOL,MEDEROS,1963-11-25,M,Azuay,GUALACEO,26462.00,17136.00
223,2033874500,DELIA MARIA,IGUAL,1961-03-22,M,Galápagos,ISABELA,47046.00,85969.00
224,2008020824,EL ARBI,ADROVER,1966-06-06,H,Galápagos,SANTA CRUZ,55847.00,66127.00
225,1754967444,JULIO FRANCISCO,HERNANZ,1956-10-04,H,Pichincha,SAN MIGUEL DE LOS BANCOS,34360.00,60817.00
226,1328145196,DYLAN,MARQUINA,1969-03-28,H,Manabí,TOSAGUA,97898.00,22215.00
227,1331467207,RICARDO ANDRES,SEIJAS,1957-05-16,H,Manabí,MANTA,39787.00,28709.00
228,1049843905,ARES,ALSINA,1962-03-15,H,Imbabura,IBARRA,80070.00,88816.00
229,0913302238,MAIDER,GASCO,1967-04-28,M,Guayas,YAGUACHI,24458.00,31938.00
230,0952882900,ELODIA,MAESO,1964-04-17,M,Guayas,MILAGRO,76538.00,18574.00
231,1334593355,AVRIL,RENEDO,1965-11-20,M,Manabí,PICHINCHA,59477.00,42509.00
232,1523589834,LLUC,CARBO,1965-10-10,H,Napo,CARLOS JULIO AROSEMENA,93171.00,65167.00
233,0613065952,M'HAMED,JUSTO,1963-01-04,H,Chimborazo,CUMANDA,75100.00,37210.00
234,1739099909,ANA MARTA,CASTELO,1959-06-21,M,Pichincha,PEDRO VICENTE MALDONADO,76012.00,96279.00
235,2158222949,MARIANA JESUS,STOICA,1964-04-25,M,Sucumbíos,CUYABENO,68741.00,3791.00
236,0906215322,FRANCISCO BORJA,SEIJO,1959-05-07,H,Guayas,SANTA LUCIA,64564.00,11046.00
237,1745357283,HERMINIO,DARIAS,1963-10-19,H,Pichincha,MEJIA,56448.00,51581.00
238,0909585689,GERMANA,CANTERO,1960-12-22,M,Guayas,URBINA JADO,57636.00,74387.00
239,0959794983,MARIA ROSER,UREÃ‘A,1969-02-05,M,Guayas,BALAO,94353.00,68465.00
240,1721108882,MARIA GEMMA,ALBA,1966-07-17,M,Pichincha,PUERTO QUITO,89354.00,15705.00
241,0933764177,LUIS GERMAN,GIRALDEZ,1968-01-22,H,Guayas,YAGUACHI,20481.00,37350.00
242,1752847036,PABLO NICOLAS,LAHOZ,1963-07-06,H,Pichincha,SAN MIGUEL DE LOS BANCOS,85307.00,1967.00
243,0931926968,ANTONIA ISABEL,CEDEÃ‘O,1964-05-17,M,Guayas,YAGUACHI,27436.00,65937.00
244,1304199076,MAXIMILIANA,BRIONES,1956-08-19,M,Manabí,PICHINCHA,59160.00,36802.00
245,1754818746,ZOULIKHA,BARBERA,1968-01-17,M,Pichincha,RUMIÑAHUI,76006.00,15607.00
246,1625064256,BELEN MARIA,GUERRERO,1970-06-11,M,Pastaza,SANTA CLARA,29524.00,67202.00
247,1759858382,GHIZLANE,FRUCTUOSO,1964-08-01,M,Pichincha,PEDRO MONCAYO,13444.00,77167.00
248,2456376462,VASIL,CERVANTES,1964-01-16,H,Santa Elena,SALINAS,22559.00,95899.00
249,2443719808,RICARDO ANDRES,BARCIA,1966-12-01,H,Santa Elena,LIBERTAD,83024.00,46559.00
250,0613386804,JUSTA,OLALLA,1956-12-15,M,Chimborazo,CHAMBO,20369.00,76376.00
251,0604576686,JUAN RAUL,ALVES,1960-04-28,H,Chimborazo,CHUNCHI,15751.00,76451.00
252,0949257745,FADMA,CEDEÃ‘O,1970-12-25,M,Guayas,GUAYAQUIL,85387.00,96500.00
253,0931258495,FE,VEIGA,1962-08-08,M,Guayas,EL EMPALME,76557.00,52284.00
254,1237811219,MARC,GREGORIO,1964-02-29,H,Los Ríos,BUENA FE,65546.00,54840.00
255,0927091603,EVA GLORIA,VICENTE,1957-12-29,M,Guayas,CORONEL MARCELINO MARIDUEÑA,3905.00,68649.00
256,1742771395,AMADOU,LOSADA,1965-03-22,H,Pichincha,SAN MIGUEL DE LOS BANCOS,45632.00,14107.00
257,1318940028,HAMID,ORTS,1962-09-25,H,Manabí,JARAMIJO,92129.00,49920.00
258,0524910015,ANA LORENA,ARRIAGA,1959-06-30,M,Cotopaxi,SIGCHOS,858.00,30554.00
259,1204695348,KRZYSZTOF,LUQUE,1959-10-29,H,Los Ríos,VENTANAS,65109.00,35765.00
260,0802050310,PAULO,ARANA,1961-05-22,H,Esmeraldas,MUISNE,61286.00,97567.00
261,0716633292,JUANA FRANCISCA,TRINIDAD,1959-03-15,M,El Oro,ATAHUALPA,49106.00,55070.00
262,1601426099,LUISA ISABEL,PRAT,1967-04-19,M,Pastaza,SANTA CLARA,58481.00,32954.00
263,0923919302,ANA LUCIA,VIZUETE,1965-03-05,M,Guayas,SIMON BOLIVAR,68897.00,844.00
264,0645183914,ROSA INES,MATUTE,1964-09-23,M,Chimborazo,PENIPE,70722.00,57148.00
265,0712121805,ENERITZ,GUIJARRO,1959-02-15,M,El Oro,PORTOVELO,89517.00,13449.00
266,0136175148,HELMUT,IZAGUIRRE,1964-12-29,H,Azuay,PAUTE,71881.00,95780.00
267,1748264569,ABDELKARIM,CALZADO,1958-07-23,H,Pichincha,PUERTO QUITO,36813.00,56179.00
268,0516619012,JUAN JOSE,DOMINGO,1961-06-05,H,Cotopaxi,SAQUISILI,39820.00,26984.00
269,0132920836,MIRANDA,BELLES,1958-11-11,M,Azuay,EL PAN,45977.00,66045.00
270,1207063866,GRANADA,FUNES,1957-04-26,M,Los Ríos,VINCES,83230.00,17237.00
271,0603091893,LEONARD,OLLE,1964-11-16,H,Chimborazo,RIOBAMBA,23205.00,85892.00
272,0952014157,MARIA LUCRECIA,NAVARRETE,1958-11-28,M,Guayas,DAULE,12381.00,40852.00
273,0856005053,MIRANDA,DURA,1967-06-10,M,Esmeraldas,ESMERALDAS,25846.00,42700.00
274,0607202553,TERESITA,SACRISTAN,1969-03-24,M,Chimborazo,ALAUSI,82729.00,37400.00
275,1113605784,GANNA,VERDAGUER,1969-04-09,M,Loja,PUYANGO,87033.00,78768.00
276,0248939662,MARIA AFRICA,CASERO,1959-05-14,M,Bolívar,SAN MIGUEL,42993.00,13978.00
277,0925837627,MARIA RAQUEL,GRAS,1965-02-15,M,Guayas,ISIDRO AYORA,56248.00,95603.00
278,0134588474,DANA,LLOPIS,1968-10-22,M,Azuay,GIRON,50135.00,861.00
279,0946114626,PAOLA MARIA,VICARIO,1969-03-14,M,Guayas,EL EMPALME,88174.00,33171.00
280,1743794933,CRISANTA,RODAS,1966-12-29,M,Pichincha,MEJIA,43726.00,64417.00
281,0923141667,GENOVEVA,HITA,1966-02-15,M,Guayas,LOMAS DE SARGENTILLO,86336.00,37258.00
282,0952429983,STEFANO,MUIÃ‘O,1965-04-26,H,Guayas,COLIMES,84440.00,18711.00
283,1257995314,CORNELIU,RODRIGUEZ,1967-03-30,H,Los Ríos,MONTALVO,98277.00,82220.00
284,0748486453,FOUAD,PULIDO,1960-07-18,H,El Oro,ZARUMA,20505.00,87306.00
285,0148802317,MARIA OTILIA,MOTA,1964-02-17,M,Azuay,CAMILO PONCE ENRIQUEZ,30461.00,47691.00
286,0953677275,MARIA SOCORRO,CHICA,1966-03-19,M,Guayas,NOBOL,12305.00,5839.00
287,1708810294,PIO,CHAMORRO,1958-02-24,H,Pichincha,PEDRO VICENTE MALDONADO,16323.00,23911.00
288,1743919001,MARIA ELISABET,ROURA,1965-10-01,M,Pichincha,MEJIA,19690.00,86488.00
289,1257868008,DANIEL FRANCISCO,GARATE,1969-11-28,H,Los Ríos,PUEBLOVIEJO,13026.00,60523.00
290,1327278790,INOCENTE,SANJURJO,1958-11-24,H,Manabí,PICHINCHA,42430.00,16600.00
291,1358805271,BIRGIT,CASELLAS,1957-07-02,M,Manabí,TOSAGUA,62847.00,51620.00
292,0115735128,NORMAN,MARTIN,1968-10-05,H,Azuay,GIRON,94550.00,19029.00
293,1331054161,ALADINO,TORRAS,1959-05-07,H,Manabí,BOLIVAR,31331.00,18718.00
294,0923681126,CHANTAL,PIÃ‘ERO,1956-09-27,M,Guayas,SAMBORONDON,67897.00,94227.00
295,0947949657,GEORGETA,LIÃ‘AN,1969-12-29,M,Guayas,GENERAL ANTONIO ELIZALDE,18344.00,2639.00
296,0124741653,VANESA MARIA,CAMPS,1956-02-23,M,Azuay,EL PAN,48920.00,11335.00
297,0922687504,GHEORGHITA,ROVIRA,1963-02-02,M,Guayas,COLIMES,48327.00,1335.00
298,0955674817,MARIA COVADONGA,MOHEDANO,1964-09-24,M,Guayas,PALESTINA,84788.00,43632.00
299,1957307505,EZEQUIEL,BORGES,1961-10-11,H,Zamora Chinchipe,CENTINELA DEL CONDOR,75031.00,99516.00
300,1201813597,SOFIAN,ESPEJO,1961-11-28,H,Los Ríos,PUEBLOVIEJO,30757.00,3484.00
301,1238104663,CELIA,ALIAS,1961-03-20,M,Los Ríos,BABAHOYO,5168.00,97462.00
302,1713179867,GEOFFREY,MOZO,1956-11-21,H,Pichincha,PEDRO VICENTE MALDONADO,36131.00,95210.00
303,1739612172,MARIA GEMMA,SILVA,1961-09-04,M,Pichincha,CAYAMBE,47752.00,3317.00
304,1728224278,EMPAR,BENEDICTO,1962-03-24,M,Pichincha,PEDRO VICENTE MALDONADO,51421.00,95088.00
305,1046670715,JOSE ISRAEL,VILELA,1968-04-17,H,Imbabura,IBARRA,49072.00,8258.00
306,0904999786,ANA MARIA,PLANA,1962-08-20,M,Guayas,MILAGRO,51695.00,18161.00
307,0908889330,DOUGLAS,JUANES,1957-11-30,H,Guayas,SANTA LUCIA,96611.00,48586.00
308,2403868710,ILENIA,BOUZAS,1961-08-22,M,Santa Elena,SANTA ELENA,84324.00,97332.00
309,0411212400,MONICA ALEXANDRA,GARAY,1965-07-29,M,Carchi,SAN PEDRO DE HUACA,9436.00,14266.00
310,0851352591,MARIA CELESTINA,HERNANDO,1964-04-11,M,Esmeraldas,LA CONCORDIA,47446.00,25346.00
311,1708530009,PABLO JAVIER,ESCRIBANO,1967-04-30,H,Pichincha,SAN MIGUEL DE LOS BANCOS,47971.00,60081.00
312,0505192096,NIKITA,ALFARO,1956-02-11,H,Cotopaxi,LA MANA,82030.00,83807.00
313,1219508304,MARIA ANGELES,VARGAS,1969-05-01,M,Los Ríos,URDANETA,38316.00,98253.00
314,0909544538,ISAAC,MILLA,1958-03-06,H,Guayas,ISIDRO AYORA,27761.00,51665.00
315,1238704082,ANA GABRIELA,GERMAN,1970-09-18,M,Los Ríos,VINCES,94349.00,52428.00
316,1736565902,MARIA ANGEL,CRUZ,1962-11-29,M,Pichincha,PUERTO QUITO,98970.00,37325.00
317,0142600915,NORBERTO,MAÃ‘AS,1966-08-11,H,Azuay,GUACHAPALA,22190.00,76798.00
318,1704342722,IVONNE,PAEZ,1967-10-11,M,Pichincha,MEJIA,8473.00,45274.00
319,0622207322,NEIL,AGRA,1967-01-09,H,Chimborazo,GUANO,28667.00,2733.00
320,0901228338,GEMMA,TENA,1956-02-16,M,Guayas,LOMAS DE SARGENTILLO,79458.00,54977.00
321,1144900790,AMOS,PEREA,1958-01-07,H,Loja,LOJA,28136.00,26146.00
322,1301031694,LURDES,TRIGO,1969-11-09,M,Manabí,SUCRE,81898.00,96035.00
323,1732183973,OLIVERIO,CALVENTE,1964-03-31,H,Pichincha,MEJIA,43244.00,31020.00
324,1124785872,ARMAND,PARRILLA,1962-11-26,H,Loja,PINDAL,47135.00,86210.00
325,1025699404,TARSILA,ANGLADA,1958-03-20,M,Imbabura,PIMAMPIRO,73754.00,74619.00
326,1124223999,MARIA CABEZA,TORRE,1968-12-17,M,Loja,CATAMAYO,14483.00,35321.00
327,1208730547,AYOSE,ATENCIA,1967-10-27,H,Los Ríos,BUENA FE,53850.00,23962.00
328,1715414213,ANISOARA,PIÃ‘ERO,1965-06-17,M,Pichincha,CAYAMBE,91873.00,43575.00
329,1157915198,ISIDRE,PORTO,1961-01-29,H,Loja,PUYANGO,75309.00,4430.00
330,1222474916,PALOMA MARIA,CORRAL,1961-07-04,M,Los Ríos,QUINSALOMA,4987.00,55371.00
331,0943876615,RAFAEL EDUARDO,CENTENO,1958-11-03,H,Guayas,DAULE,21574.00,15213.00
332,0745741413,LAMIN,FRANCES,1958-08-27,H,El Oro,ZARUMA,30196.00,94608.00
333,1756591150,MARIA RAFAELA,SERNA,1963-07-13,M,Pichincha,RUMIÑAHUI,30520.00,65495.00
334,1825884271,EDUVIGES,CARA,1970-05-20,M,Tungurahua,PATATE,86585.00,35404.00
335,0954262325,ISSAM,LAHUERTA,1960-12-06,H,Guayas,DURAN,47455.00,23941.00
336,0951322767,DELIA,ARANGUREN,1970-06-09,M,Guayas,NARANJITO,13902.00,88836.00
337,2449035704,MARIA MARAVILLAS,LORCA,1959-01-05,M,Santa Elena,SALINAS,60955.00,31995.00
338,0924341571,ELISABETE,ROSADO,1959-11-26,M,Guayas,EL TRIUNFO,85142.00,97991.00
339,1207523091,CHERKI,BARBER,1962-07-19,H,Los Ríos,VENTANAS,5768.00,12042.00
340,0959368986,ANA JOSEFA,REVUELTA,1962-09-12,M,Guayas,NOBOL,6385.00,71258.00
341,0152497061,MARIEM,SANMARTIN,1961-02-11,M,Azuay,SIGSIG,48126.00,30208.00
342,1811806544,SERGIO JESUS,ALIAGA,1966-08-19,H,Tungurahua,SANTIAGO DE PILLARO ,48436.00,84809.00
343,0929150779,JOSEFA ISABEL,BERNA,1956-01-26,M,Guayas,PEDRO CARBO,34621.00,77475.00
344,0345166763,IVONNE,VILAR,1961-11-14,M,Cañar,CAÑAR,26196.00,26752.00
345,1754637385,RAMONA,RUS,1965-09-07,M,Pichincha,MEJIA,25076.00,36218.00
346,1711603389,MARIA INMACULADA,OLIVEIRA,1965-01-22,M,Pichincha,PEDRO MONCAYO,63359.00,56249.00
347,2312381987,MIGUEL EDUARDO,MURCIA,1964-09-11,H,Santo Domingo,SANTO DOMINGO DE LOS TSACHILAS,69127.00,52193.00
348,0924740319,RAIMUNDA,AVILA,1970-02-15,M,Guayas,SIMON BOLIVAR,76169.00,54729.00
349,1434225262,MARIA HORTENSIA,IGLESIAS,1964-03-10,M,Morona Santiago,SANTIAGO,89661.00,70604.00
350,1837817368,WIAM,PIÃ‘OL,1966-10-17,M,Tungurahua,QUERO,40003.00,63657.00
351,1334533849,LOPE,PRECIADO,1991-08-31,H,Manabí,ROCAFUERTE,208.00,94920.00
352,2406504148,YURIY,NAYA,2000-01-15,H,Santa Elena,SANTA ELENA,28349.00,71619.00
353,0254591662,TAHAR,GRANDE,1991-01-04,H,Bolívar,LAS NAVES,77123.00,18445.00
354,0356614396,ANTONIO JUAN,HERNANDEZ,1998-02-08,H,Cañar,LA TRONCAL,16532.00,46316.00
355,0929677110,COSMIN,ROY,2000-05-20,H,Guayas,LOMAS DE SARGENTILLO,62179.00,76261.00
356,0944475029,LIUDMILA,TORRADO,1996-01-21,M,Guayas,PALESTINA,40894.00,63044.00
357,0758530752,BORISLAV,DA COSTA,1995-12-31,H,El Oro,EL GUABO,54998.00,85391.00
358,1255783969,JOSE IVAN,ALVES,1998-10-30,H,Los Ríos,QUINSALOMA,36793.00,84084.00
359,1756437370,MARIA PURIFICACION,BARCELO,1995-07-28,M,Pichincha,CAYAMBE,91567.00,71435.00
360,1733622201,LUIS MARIO,PINAR,1996-08-18,H,Pichincha,SAN MIGUEL DE LOS BANCOS,88753.00,57823.00
361,0906416219,CIRA,DIAS,1995-12-15,M,Guayas,URBINA JADO,76471.00,23993.00
362,0506111095,MARIANNA,CARABALLO,1998-07-10,M,Cotopaxi,SALCEDO,37720.00,88319.00
363,0841382229,NEREA,ALBARRACIN,1991-08-10,M,Esmeraldas,SAN LORENZO,34141.00,20019.00
364,0824320733,ANTONIA PILAR,MAQUEDA,1991-12-08,M,Esmeraldas,LA CONCORDIA,99652.00,77996.00
365,2345991984,JAGOBA,IGUAL,1995-09-30,H,Santo Domingo,SANTO DOMINGO DE LOS TSACHILAS,39980.00,51714.00
366,1425642186,MARIA IDOYA,GONZALEZ,1999-03-12,M,Morona Santiago,GUALAQUIZA,972.00,15420.00
367,1713049722,AHMAD,TALAVERA,1999-04-27,H,Pichincha,QUITO,8525.00,11126.00
368,0634656573,MARIA DIANA,BOTELLA,1996-01-21,M,Chimborazo,CHAMBO,32001.00,32957.00
369,1859386862,ANTONIO RAMON,OLLERO,1997-04-12,H,Tungurahua,AMBATO,84568.00,28332.00
370,2354356590,DORINDA,SOCORRO,2000-12-29,M,Santo Domingo,SANTO DOMINGO DE LOS TSACHILAS,93133.00,76290.00
371,0856678891,ADOLFO,MULLER,1998-05-23,H,Esmeraldas,SAN LORENZO,98718.00,9059.00
372,1726805664,ANDREEA,ETXEBARRIA,1993-03-05,M,Pichincha,CAYAMBE,31448.00,95832.00
373,1828399376,CELEDONIA,RISCO,1999-03-29,M,Tungurahua,TISALEO,25946.00,50757.00
374,0142263201,TOURIA,SOW,1996-02-09,M,Azuay,CAMILO PONCE ENRIQUEZ,36006.00,64143.00
375,0905038683,JOSE ARTURO,PICON,1992-03-12,H,Guayas,GENERAL ANTONIO ELIZALDE,17660.00,42618.00
376,0903761559,ANDRES,CALLEJON,1994-06-16,H,Guayas,EL EMPALME,27623.00,73501.00
377,1729129708,FRANCISCO DANIEL,VILANOVA,1991-04-23,H,Pichincha,RUMIÑAHUI,78359.00,37304.00
378,1716936313,HANNELORE,MARI,2000-05-18,M,Pichincha,QUITO,44156.00,41729.00
379,0441502234,ADRIAN JOSE,FUENTES,1993-03-20,H,Carchi,SAN PEDRO DE HUACA,55632.00,23098.00
380,1705188587,MANUEL ALFONSO,MOTOS,1995-10-09,H,Pichincha,CAYAMBE,52013.00,288.00
381,0526452040,ELIAS,CRUZADO,1991-10-14,H,Cotopaxi,PANGUA,25744.00,32073.00
382,0903225951,SABINE,MORA,1992-03-10,M,Guayas,PLAYAS,39233.00,61866.00
383,0935982967,ZIGOR,TRILLO,1999-06-05,H,Guayas,GENERAL ANTONIO ELIZALDE,2046.00,39316.00
384,0909857310,HECTOR JAVIER,ESPINA,1995-06-30,H,Guayas,NARANJITO,13348.00,95753.00
385,1359429303,MIRYAM,MILAN,2000-10-17,M,Manabí,SUCRE,85536.00,53481.00
388,1749605976,CAROL,HERRADOR,2000-09-07,M,Pichincha,PUERTO QUITO,76298.00,26664.00
389,1002290177,MARCELA,GUAMAN,1991-02-15,M,Imbabura,IBARRA,89106.00,5797.00
390,1008903559,JACEK,ADAN,2000-07-30,H,Imbabura,PIMAMPIRO,85195.00,74912.00
391,0956220859,JUAN DAVID,MOLERO,1998-04-11,H,Guayas,BALAO,20232.00,72181.00
392,1119395919,HELGA,MORELL,1991-06-03,M,Loja,PINDAL,31383.00,36678.00
393,1732471022,CARLOS EDUARDO,ARAGON,1998-03-11,H,Pichincha,PEDRO VICENTE MALDONADO,84315.00,6537.00
394,0728381138,MARIA MARTA,VENTURA,2000-05-14,M,El Oro,HUAQUILLAS,3580.00,14939.00
395,1535495251,HECTOR MANUEL,DE LA TORRE,1992-01-07,H,Napo,EL CHACO,84313.00,42059.00
396,0907604854,MARIA LORENA,TRAPERO,1994-11-21,M,Guayas,GENERAL ANTONIO ELIZALDE,79713.00,78630.00
397,0829287184,SERENA,TEROL,1991-08-06,M,Esmeraldas,QUININDE,15309.00,52210.00
398,1857013187,MIRTHA,VALERO,1993-08-14,M,Tungurahua,BAÑOS,96866.00,85025.00
399,1455203578,MARIA SARA,MONTEAGUDO,1994-10-09,M,Morona Santiago,HUAMBOYA,81858.00,52213.00
400,0942627258,HANS,HERRERO,1994-02-15,H,Guayas,COLIMES,56380.00,25884.00
401,1051938296,BLANDINA,AGUAYO,1991-11-24,M,Imbabura,OTAVALO,52937.00,51908.00
402,1734534637,SALADINA,PARRAS,1998-01-19,M,Pichincha,MEJIA,40329.00,96917.00
403,0917371494,MARIA PIEDAD,BASTIDA,1999-06-22,M,Guayas,GENERAL ANTONIO ELIZALDE,78550.00,77647.00
404,0329182323,TANAUSU,ALCOCER,1999-07-07,H,Cañar,CAÑAR,17087.00,16810.00
405,1239227497,FRANCINA,CAMINO,1991-09-29,M,Los Ríos,QUEVEDO,92139.00,38189.00
406,0948992342,MARIA AUXILIADORA,MURO,1998-12-28,M,Guayas,COLIMES,85877.00,26639.00
407,1159752375,LYUBOV,TRIGO,1991-10-15,M,Loja,LOJA,76547.00,94441.00
408,0645628223,MARAVILLAS,VERDAGUER,1997-10-11,M,Chimborazo,GUAMOTE,36270.00,10.00
409,1102849104,DIEGO ALBERTO,OSES,1991-05-30,H,Loja,CALVAS,39333.00,19971.00
410,1439338318,SABINE,VILAR,1993-03-18,M,Morona Santiago,PALORA,11283.00,36041.00
411,0553561465,PETRICA,SAN MARTIN,1994-09-02,H,Cotopaxi,PUJILI,24996.00,66755.00
412,1759256074,MARIA ANGUSTIAS,VIVO,1998-12-24,M,Pichincha,PUERTO QUITO,83925.00,77883.00
413,1748194485,YOMARA,BASCUÃ‘ANA,1993-05-11,M,Pichincha,PEDRO MONCAYO,29438.00,39312.00
414,0204440382,NAHIARA,MESTRE,1999-06-25,M,Bolívar,SAN JOSE DE CHIMBO,51476.00,36400.00
415,0323050732,OCTAVIAN,PONS,1992-09-18,H,Cañar,LA TRONCAL,96456.00,51454.00
416,0941988990,STEPHANIE,MIÃ‘ANO,1993-07-04,M,Guayas,PLAYAS,8690.00,75568.00
417,1407449758,MARIA CELIA,VIGO,1995-04-14,M,Morona Santiago,TIWINTZA,57179.00,13087.00
418,1729989861,MARIA VEGA,MOTA,1991-11-01,M,Pichincha,PEDRO MONCAYO,11443.00,37708.00
419,0945052769,MANUEL LUIS,FERRE,1994-04-28,H,Guayas,EL EMPALME,21648.00,1521.00
420,1707455604,BENAISSA,AGUILERA,1993-05-28,H,Pichincha,MEJIA,61247.00,4445.00
421,1339388637,YONATHAN,COBO,1998-01-21,H,Manabí,JIPIJAPA,62857.00,84726.00
422,0807631130,RAUL,CEJUDO,1998-03-16,H,Esmeraldas,ATACAMES,50722.00,4928.00
423,1927286235,JUAN DIEGO,PEÃ‘ALVER,2000-01-22,H,Zamora Chinchipe,YANTZAZA,35803.00,16621.00
424,0943960948,PAULO JORGE,CASTELLO,2000-08-03,H,Guayas,PALESTINA,5745.00,88982.00
425,1242357620,AMIR,NUÃ‘O,1996-02-21,H,Los Ríos,MOCACHE,14898.00,32987.00
426,0957929847,SALVADOR MANUEL,ABELLAN,1993-05-10,H,Guayas,COLIMES,660.00,16514.00
427,1122231416,FUENCISLA,COMESAÃ‘A,1994-07-12,M,Loja,ZAPOTILLO,14008.00,61245.00
428,0608278941,JAIME JOSE,ANDREO,1998-11-19,H,Chimborazo,CUMANDA,45220.00,37235.00
429,1752738383,STANISLAV,MELCHOR,1997-10-23,H,Pichincha,MEJIA,72191.00,5005.00
430,0534562970,JOSE CRUZ,BALLESTA,1992-05-07,H,Cotopaxi,PUJILI,41109.00,84011.00
431,0929058907,VANESA MARIA,ALONSO,1991-07-24,M,Guayas,BALAO,74249.00,89834.00
432,0131216871,GERHARD,MEDIAVILLA,1995-07-26,H,Azuay,PAUTE,75894.00,2469.00
433,0948295324,BUENAVENTURA,VICENTE,1994-05-14,H,Guayas,LOMAS DE SARGENTILLO,98787.00,75084.00
434,1734809054,MARIA REMEI,NOGUERA,1991-02-19,M,Pichincha,SAN MIGUEL DE LOS BANCOS,39205.00,89494.00
435,1726172446,FEDERICO JOSE,YEPES,1996-01-18,H,Pichincha,PEDRO VICENTE MALDONADO,99545.00,71601.00
436,1158904498,EZEQUIELA,PICON,1996-01-31,M,Loja,PALTAS,44772.00,56748.00
437,1753098209,JEAN PIERRE,BERTRAN,1994-08-23,H,Pichincha,QUITO,23170.00,49444.00
438,0905906103,CARMEN YOLANDA,ESCAMILLA,1999-10-16,M,Guayas,NOBOL,68095.00,24505.00
439,2429535095,ANN,ALLENDE,1995-02-24,M,Santa Elena,LIBERTAD,29227.00,401.00
440,0902406537,SERAFINA,COMAS,1996-04-23,M,Guayas,URBINA JADO,66240.00,39292.00
441,0935437251,MIGUEL ANDRES,ESCAMILLA,1995-10-27,H,Guayas,URBINA JADO,55795.00,51066.00
442,1355279074,MARIA MARGARITA,GIL,1995-01-03,M,Manabí,SANTA ANA,58284.00,75867.00
443,2302565730,PATRICIA,PADILLA,1998-12-14,M,Santo Domingo,SANTO DOMINGO DE LOS TSACHILAS,26905.00,44862.00
444,1054984198,ANUNCIA,AREVALO,1997-03-07,M,Imbabura,IBARRA,32727.00,73895.00
445,0957240591,ANA PAULA,DE LA PUENTE,1999-04-17,M,Guayas,ISIDRO AYORA,28356.00,81270.00
446,1346927880,JUANA ANA,PIÃ‘ON,1991-04-07,M,Manabí,SANTA ANA,33984.00,49704.00
447,1829156346,NAYRA,BARROS,1993-07-30,M,Tungurahua,MOCHA,15999.00,84451.00
448,1313863530,WILMA,ESTEVE,1992-09-26,M,Manabí,CHONE,12027.00,77623.00
449,0922300223,LEONILA,BUENDIA,1995-05-30,M,Guayas,NOBOL,23622.00,62332.00
450,0907319214,EMILIO JAVIER,ALVES,1996-06-02,H,Guayas,SIMON BOLIVAR,84849.00,63221.00
451,0717025795,SOFIANE,BONO,1995-11-14,H,El Oro,ARENILLAS,50471.00,63086.00
452,0147377436,ANISOARA,BRUNET,1994-12-15,M,Azuay,NABON,64613.00,61804.00
453,0915235360,CRISTOBAL JOSE,TEJEDOR,1997-05-07,H,Guayas,GENERAL ANTONIO ELIZALDE,71234.00,11611.00
454,0905512638,JUSTINA,LEAL,1998-01-05,M,Guayas,PEDRO CARBO,19492.00,27567.00
455,0713648608,VALERIA,PARRAGA,2000-07-05,M,El Oro,SANTA ROSA,31016.00,22488.00
456,1749172092,LUZ MARIA,DEL POZO,1999-07-31,M,Pichincha,RUMIÑAHUI,40561.00,44810.00
457,0348942012,PAQUITA,UCEDA,1999-07-23,M,Cañar,SUSCAL,54298.00,26605.00
458,1146852684,JARA,HERMOSO,1996-07-22,M,Loja,PALTAS,73678.00,3259.00
459,1716513732,ZALOA,CORZO,1995-11-09,M,Pichincha,PEDRO MONCAYO,35317.00,58156.00
460,0935168302,URBANA,PRAT,1999-08-13,M,Guayas,NARANJAL,85081.00,20775.00
461,0923924609,DAVID JOHN,MANCILLA,1995-06-07,H,Guayas,ISIDRO AYORA,67615.00,41741.00
462,1346710229,GUZMAN,ANGULO,1991-06-04,H,Manabí,JARAMIJO,60937.00,24994.00
463,0949049167,DIEGO ARMANDO,TORRENTS,1991-07-20,H,Guayas,NARANJAL,19060.00,63419.00
464,1748627518,AMPARO,BARBEITO,1993-02-11,M,Pichincha,MEJIA,80367.00,20477.00
465,0208053389,JUAN FRANCISCO,CAAMAÃ‘O,1991-05-10,H,Bolívar,ECHEANDIA,29450.00,4307.00
466,0313868002,MARTA LUISA,TORRENS,1998-12-17,M,Cañar,LA TRONCAL,80103.00,40113.00
467,1354106831,TANIA MARIA,TRUJILLO,1992-10-26,M,Manabí,MONTECRISTI,11973.00,78231.00
468,0957746860,FERNANDO FRANCISCO,ANTOLIN,1996-03-24,H,Guayas,URBINA JADO,21215.00,51693.00
469,1722269717,JOAN JOSEP,LENDINEZ,1994-07-05,H,Pichincha,SAN MIGUEL DE LOS BANCOS,51150.00,84475.00
470,1725038739,SAGRARIO,SABORIDO,1994-07-30,M,Pichincha,PEDRO MONCAYO,59353.00,65750.00
471,1727320663,SHARON,LEZCANO,1991-05-28,M,Pichincha,QUITO,50954.00,59325.00
472,0935942045,ERNESTO,JAUREGUI,1996-05-03,H,Guayas,SAMBORONDON,81374.00,6515.00
473,1357005865,MILAGROSA,GARZON,1997-10-23,M,Manabí,SAN VICENTE,17380.00,21676.00
474,2106758416,HAYDEE,MOLLA,1994-03-28,M,Sucumbíos,CUYABENO,42503.00,25709.00
475,1342112131,MARIA HORTENSIA,MAGRO,1992-10-17,M,Manabí,ROCAFUERTE,28078.00,15784.00
476,1709987679,MARIA RUTH,GARRO,1994-01-26,M,Pichincha,SAN MIGUEL DE LOS BANCOS,6289.00,85582.00
477,1719621458,MARIA LAURA,GUISADO,1994-04-10,M,Pichincha,QUITO,45770.00,18657.00
478,2444228510,BIEL,BERBEL,1993-03-24,H,Santa Elena,SANTA ELENA,54790.00,7.00
479,1831323835,MARIA ALMUDENA,CAÃ‘ETE,1996-04-12,M,Tungurahua,TISALEO,59981.00,14596.00
480,1714978689,VIRGINIO,ROCA,1994-11-03,H,Pichincha,QUITO,92291.00,7728.00
481,1513110682,NELSON,LASTRA,1997-10-21,H,Napo,CARLOS JULIO AROSEMENA,93561.00,84212.00
482,0937108074,LORENZA,ACUÃ‘A,1992-09-08,M,Guayas,NOBOL,52886.00,47212.00
483,1104418627,CONSOLACION,GARRIDO,2000-12-10,M,Loja,ZAPOTILLO,72323.00,5534.00
484,1256254515,ROCIO PILAR,BAS,2000-11-27,M,Los Ríos,PALENQUE,74872.00,84616.00
485,1048502452,ROSALINDA,CESPEDES,1998-04-09,M,Imbabura,SAN MIGUEL DE URCUQUI,29431.00,73035.00
486,0958199259,NORMA,DEL ALAMO,2000-08-14,M,Guayas,URBINA JADO,67791.00,40590.00
487,0923019368,KLAUS,OLALLA,1994-02-15,H,Guayas,ISIDRO AYORA,50993.00,43854.00
488,0157104555,MAITANE,TORAL,1999-04-01,M,Azuay,SEVILLA DE ORO,87863.00,69457.00
489,0931507651,AMY,QUEZADA,1996-12-13,M,Guayas,PLAYAS,92718.00,19817.00
490,0304745318,SALOMON,PERONA,1998-08-27,H,Cañar,EL TAMBO,37045.00,15365.00
491,0918154790,DARIUS,SESMA,1993-06-08,H,Guayas,COLIMES,94868.00,37618.00
492,0926010679,NATALIO,GORDO,1996-02-11,H,Guayas,LOMAS DE SARGENTILLO,444.00,92035.00
493,0941744104,SONIA ISABEL,GALDEANO,1993-12-12,M,Guayas,MILAGRO,24009.00,32415.00
494,0926981077,GUILLERMO JESUS,VALIÃ‘O,1993-01-23,H,Guayas,MILAGRO,74530.00,61471.00
495,1833174640,CALIXTO,TELLEZ,1991-01-13,H,Tungurahua,BAÑOS,37861.00,57590.00
496,0533090965,SUSANA MARIA,SOMOZA,1992-10-22,M,Cotopaxi,LA MANA,87509.00,40787.00
497,1756854723,JANA,SORIANO,1996-07-29,M,Pichincha,CAYAMBE,97976.00,26800.00
498,0732400205,MARIA CRUCES,QUEVEDO,1999-09-07,M,El Oro,CHILLA,72682.00,96571.00
499,1041461177,IRENE MARIA,BARBEITO,1993-04-08,M,Imbabura,ANTONIO ANTE,81063.00,8445.00
500,1207524412,LAHCEN,COLLADO,1994-12-13,H,Los Ríos,VENTANAS,56530.00,89208.00
501,0828661173,ABDENBI,DE LEON,1997-09-15,H,Esmeraldas,SAN LORENZO,24488.00,70064.00
502,1322184175,AIRAN,PEÃ‘ATE,1997-09-23,H,Manabí,PAJAN,91510.00,66941.00
503,1714166368,ASEN,DE JUAN,1998-05-20,H,Pichincha,PUERTO QUITO,52410.00,60400.00
504,1315523462,ELVIS,BARON,1992-04-19,H,Manabí,EL CARMEN,92061.00,20637.00
505,1356068591,COLOMA,ESCODA,2000-12-26,M,Manabí,PORTOVIEJO,52941.00,73542.00
506,0109969501,MANOLI,MAÃ‘EZ,2000-12-15,M,Azuay,NABON,8409.00,3289.00
507,1313275388,PEDRO DAVID,SANDU,1994-07-06,H,Manabí,PICHINCHA,87425.00,36689.00
508,2353195387,OLALLA,LEYVA,1993-07-20,M,Santo Domingo,SANTO DOMINGO DE LOS TSACHILAS,94954.00,52611.00
509,1156306183,ALEJANDRO DANIEL,ALBIOL,1991-06-02,H,Loja,MACARA,92952.00,99650.00
510,1755552229,MARIA SOFIA,PAREJA,1995-09-15,M,Pichincha,SAN MIGUEL DE LOS BANCOS,88853.00,5565.00
511,0939501912,CARLOS,VICENS,1999-07-01,H,Guayas,EL EMPALME,66484.00,93785.00
512,2214931897,HELIODORA,PEDROS,2000-12-11,M,Orellana,LORETO,72556.00,12498.00
513,0953194784,JAIME ANDRES,HUETE,1993-10-26,H,Guayas,LOMAS DE SARGENTILLO,73451.00,22868.00
514,0944849017,MAREN,ALAMO,1997-10-21,M,Guayas,ALFREDO BAQUERIZO MORENO ,1590.00,54782.00
515,1731396642,CIRA,MENENDEZ,1996-05-17,M,Pichincha,QUITO,31883.00,23309.00
516,1734886482,MARIA VERONICA,MORAGA,1994-01-21,M,Pichincha,PUERTO QUITO,31433.00,76897.00
517,0658314240,AUXILIADORA,MARTORELL,1998-06-13,M,Chimborazo,PENIPE,87963.00,19714.00
518,0936398734,JOSE ALFREDO,LOZA,1994-04-01,H,Guayas,SANTA LUCIA,543.00,92140.00
519,1748695986,GHIZLANE,PRESA,1991-01-25,M,Pichincha,QUITO,1334.00,64034.00
520,2107690600,ANA KARINA,ALBIOL,1997-05-20,M,Sucumbíos,SUCUMBIOS,50107.00,70103.00
521,0919409516,PIETRO,CAMPO,1996-11-14,H,Guayas,NARANJAL,51374.00,76552.00
522,0755692472,EUTIQUIO,DUEÃ‘AS,1999-08-08,H,El Oro,CHILLA,69487.00,48255.00
523,0705589877,LORETO,GALARZA,1999-08-06,M,El Oro,HUAQUILLAS,41012.00,95001.00
524,1705380697,DENIS,VELASQUEZ,2000-02-13,H,Pichincha,SAN MIGUEL DE LOS BANCOS,90147.00,56738.00
525,1702789247,AQUILINA,PONCE,1995-06-05,M,Pichincha,PEDRO VICENTE MALDONADO,21206.00,86436.00
526,0631964525,MAJID,MAZON,1993-03-06,H,Chimborazo,GUAMOTE,84059.00,25605.00
527,1252968340,KHADIM,PAVON,1999-11-16,H,Los Ríos,BABAHOYO,81915.00,81812.00
528,2359703143,BLANCA ESTHER,ALBERTO,1991-11-29,M,Santo Domingo,SANTO DOMINGO DE LOS TSACHILAS,90256.00,55100.00
529,1328937436,MARIA PALOMA,HORTELANO,2000-12-07,M,Manabí,PUERTO LOPEZ,89379.00,3662.00
530,1735926162,BRAIS,CIFRE,1997-05-09,H,Pichincha,PEDRO VICENTE MALDONADO,18508.00,54901.00
531,0145638045,JESICA,JONES,1991-06-21,M,Azuay,SIGSIG,35879.00,73453.00
532,1751253459,RODOLFO,HERVAS,1997-11-12,H,Pichincha,MEJIA,35910.00,42837.00
533,0111416178,ANGEL ENRIQUE,LUQUE,1999-07-11,H,Azuay,SANTA ISABEL,34701.00,45402.00
534,1226371423,MARIA OTILIA,HUARTE,1996-12-23,M,Los Ríos,BABA,61648.00,16892.00
535,1126642063,SORAYA,DIOS,1993-04-16,M,Loja,CHAGUARPAMBA,5508.00,21404.00
536,0144826609,MARIA PRESENTACION,FAUS,1992-06-28,M,Azuay,GUALACEO,99511.00,28952.00
537,2125281929,ARAITZ,SANTAELLA,1991-10-31,M,Sucumbíos,LAGO AGRIO,48063.00,48880.00
538,0959839051,JUAN BAUTISTA,TUDELA,1994-10-20,H,Guayas,PALESTINA,64313.00,49565.00
539,0816062418,ANTONIA MARIA,GARRIGA,1991-08-10,M,Esmeraldas,ELOY ALFARO,84252.00,35189.00
540,1156584862,MARIA ASSUMPCIO,LOPES,1992-12-24,M,Loja,PUYANGO,15016.00,39851.00
541,2356058137,SAMBA,MOMPO,1995-10-18,H,Santo Domingo,SANTO DOMINGO DE LOS TSACHILAS,29310.00,38517.00
542,0936913821,VALVANERA,PEINADO,2000-06-03,M,Guayas,PALESTINA,30986.00,76584.00
543,0928338870,LUA,BERENGUER,1994-01-15,M,Guayas,GENERAL ANTONIO ELIZALDE,99993.00,42549.00
544,0928155902,HASSAN,CECILIA,1992-03-02,H,Guayas,SANTA LUCIA,1989.00,49661.00
545,0904939667,AZZEDDINE,GAYOSO,1995-09-24,H,Guayas,URBINA JADO,4382.00,95427.00
546,1247342619,FOUAD,LLAMAS,2000-06-25,H,Los Ríos,VENTANAS,74229.00,30188.00
547,1224218543,MARIA ADRIANA,RUFO,1995-10-09,M,Los Ríos,VINCES,86031.00,32015.00
548,1735046045,DUMITRU,CLAROS,1995-04-26,H,Pichincha,RUMIÑAHUI,50474.00,25139.00
549,1341876033,JOSE RAMIRO,SOUTO,1997-10-12,H,Manabí,SUCRE,73604.00,44538.00
550,0956668891,GELU,PONCE,1994-03-12,H,Guayas,SIMON BOLIVAR,19255.00,49529.00
551,0759653199,SHAHID,QUILEZ,1992-08-22,H,El Oro,ZARUMA,8539.00,60150.00
552,0617326798,DARA,CASTILLO,1992-07-22,M,Chimborazo,GUAMOTE,54075.00,81596.00
553,1753821923,LEONTINA,LONDOÃ‘O,1993-03-21,M,Pichincha,SAN MIGUEL DE LOS BANCOS,277.00,52968.00
554,0945859718,SILVANA,TRIVIÃ‘O,1998-04-09,M,Guayas,ALFREDO BAQUERIZO MORENO ,19623.00,1282.00
555,1629078948,MARIA FLORENCIA,CHAMORRO,1997-08-15,M,Pastaza,ARAJUNO,26890.00,93194.00
556,1341019279,MARIA ENGRACIA,BASCUÃ‘ANA,1996-12-13,M,Manabí,PUERTO LOPEZ,29952.00,22833.00
557,1744454735,AYOZE,CARA,1999-02-26,H,Pichincha,PEDRO VICENTE MALDONADO,81841.00,81191.00
558,0239950876,MARCIA,GORDON,1991-01-18,M,Bolívar,CHILLANES,81395.00,13228.00
559,1747314126,JORGE JAVIER,CUENCA,1996-02-23,H,Pichincha,SAN MIGUEL DE LOS BANCOS,74508.00,19148.00
560,1731741227,MARIA TRANSITO,CONDE,1993-01-05,M,Pichincha,PUERTO QUITO,50589.00,15216.00
561,0813072337,SIXTO,ROSELL,2000-11-09,H,Esmeraldas,MUISNE,13741.00,3243.00
562,1358233748,GERARD,MONTAÃ‘A,1991-01-04,H,Manabí,PEDERNALES,42633.00,44671.00
563,1512896612,LUCIA CARMEN,GABARRI,1991-05-12,M,Napo,QUIJOS,47181.00,88140.00
564,1746577111,SANTIAGA,CHICA,2000-02-13,M,Pichincha,MEJIA,81459.00,61144.00
565,0743752032,BELEN,DE OLIVEIRA,1996-05-29,M,El Oro,HUAQUILLAS,70924.00,31302.00
566,0349980383,NICOLETA,SALA,1992-09-16,M,Cañar,EL TAMBO,42941.00,44870.00
567,1322966704,HANANE,LLOBET,1997-09-15,M,Manabí,CHONE,59303.00,90985.00
568,0943123935,ALAZNE,LIZARRAGA,1991-02-18,M,Guayas,NOBOL,21078.00,81821.00
569,1355383132,LORENZA,SANTANA,1992-10-02,M,Manabí,OLMEDO,55437.00,51447.00
570,2142294590,EL HASSAN,BERRIO,1997-01-12,H,Sucumbíos,SUCUMBIOS,37393.00,956.00
571,1227447479,LEONEL,CASTRILLO,1998-08-03,H,Los Ríos,BUENA FE,42223.00,27801.00
572,0149729014,LETIZIA,LLAMAZARES,1999-03-07,M,Azuay,OÑA,54412.00,48619.00
573,0134149277,ILIAS,MESTRE,2000-01-18,H,Azuay,OÑA,36476.00,44470.00
574,0518072673,ENAITZ,ZAFRA,1991-07-07,H,Cotopaxi,SIGCHOS,93211.00,25337.00
575,1204368268,ALISON,TAPIA,1995-07-10,M,Los Ríos,VENTANAS,4993.00,81237.00
576,1705407607,RENATA,VENDRELL,1997-07-13,M,Pichincha,PUERTO QUITO,80814.00,33998.00
577,0102081544,DOINA,GARATE,1997-11-13,M,Azuay,GUALACEO,92322.00,98347.00
578,0232966770,ANE MIREN,CALIN,1994-01-26,M,Bolívar,CHILLANES,76192.00,58969.00
579,1305766147,NAYRA,DIMITROV,1991-05-08,M,Manabí,MONTECRISTI,3134.00,20413.00
580,0551244577,ENRIC,ARDILA,1993-01-27,H,Cotopaxi,LATACUNGA,55816.00,98772.00
581,1112630809,OUALID,GANDARA,1996-04-29,H,Loja,CALVAS,45243.00,58175.00
582,0133511253,AMANDO,GRANADO,1991-07-18,H,Azuay,CUENCA,76393.00,14077.00
583,0949180699,GASPAR,BORRELL,1991-08-06,H,Guayas,EL EMPALME,28374.00,75251.00
584,1055303513,CHRISTOPHE,MUELAS,1995-02-13,H,Imbabura,ANTONIO ANTE,60112.00,81972.00
585,1159782026,ANNA MARIA,TORRALBO,1992-10-04,M,Loja,CELICA,29130.00,53566.00
586,0104782800,SHAILA,MINGUEZ,1994-05-08,M,Azuay,CAMILO PONCE ENRIQUEZ,80208.00,829.00
587,2341669436,XIAN,PATIÃ‘O,1999-11-28,H,Santo Domingo,SANTO DOMINGO DE LOS TSACHILAS,60005.00,4535.00
588,1828514776,JOHN MICHAEL,CLAVIJO,1993-01-25,H,Tungurahua,CEVALLOS,74250.00,73713.00
589,0624501706,HAWA,DOS SANTOS,1993-09-30,M,Chimborazo,CHAMBO,12920.00,6054.00
590,0936653633,NOHEMI,ALCANTARA,1994-06-16,M,Guayas,MILAGRO,81927.00,38965.00
591,0827965229,ANTERO,ORTI,1998-02-10,H,Esmeraldas,QUININDE,3432.00,14680.00
592,0953240264,MARTA MARIA,MALLO,1995-01-27,M,Guayas,ISIDRO AYORA,89773.00,18217.00
593,0829832559,CONRADA,CORDON,1999-07-05,M,Esmeraldas,MUISNE,61528.00,55285.00
594,1717372856,VASILICA,CARVAJAL,1992-04-25,H,Pichincha,QUITO,32341.00,23724.00
595,1054051576,CARLOS HUMBERTO,PAEZ,1993-08-26,H,Imbabura,PIMAMPIRO,88487.00,66973.00
596,1719135707,ILIE,ARMADA,1994-12-20,H,Pichincha,PUERTO QUITO,84765.00,4833.00
597,1357185766,GONZALO,LARRAÃ‘AGA,1993-10-18,H,Manabí,MONTECRISTI,52058.00,47382.00
598,0936706563,ERMITAS,RADU,1998-08-14,M,Guayas,BALAO,78145.00,16193.00
599,1337070773,FRANCISCO CARLOS,ATENCIA,1992-01-06,H,Manabí,FLAVIO ALFARO,14248.00,3295.00
600,0931101927,CASIANO,AGUERO,1999-11-18,H,Guayas,YAGUACHI,88676.00,81116.00
601,1727128769,DAVID JESUS,ZABALETA,1987-11-30,H,Pichincha,MEJIA,83281.00,54231.00
602,0916199029,SANDRA ISABEL,MATAS,1978-10-30,M,Guayas,PLAYAS,87794.00,22911.00
603,0932937154,JORGE RAMON,DE JUAN,1975-07-23,H,Guayas,DAULE,98667.00,3627.00
604,2342520364,RUTH MARIA,LLANES,1979-06-16,M,Santo Domingo,SANTO DOMINGO DE LOS TSACHILAS,48447.00,63487.00
605,1308078300,ASIA,NAVALON,1982-05-28,M,Manabí,ROCAFUERTE,25167.00,60092.00
606,1308882628,ESTER,DE LUCAS,1990-11-10,M,Manabí,24 DE MAYO,61783.00,36974.00
607,0904531621,OCTAVIAN,PAMIES,1975-06-28,H,Guayas,COLIMES,59156.00,70372.00
608,1254937954,CORNELIO,BALBOA,1982-12-31,H,Los Ríos,BABA,22852.00,46045.00
609,0919451153,OIER,ORIA,1972-12-11,H,Guayas,NOBOL,20032.00,36138.00
610,1346796905,MERCEDES,LLANO,1983-09-22,M,Manabí,PAJAN,54110.00,18560.00
611,1726320748,LUANA,MARCHENA,1990-08-14,M,Pichincha,RUMIÑAHUI,49689.00,25117.00
612,1831286958,CONSTANTINO,TEJERO,1971-07-09,H,Tungurahua,QUERO,99045.00,32436.00
613,1703705424,CAMELIA,CONEJO,1987-01-18,M,Pichincha,PUERTO QUITO,56119.00,78922.00
614,1703507440,MARIA MONTSERRAT,MARTI,1984-02-25,M,Pichincha,PEDRO VICENTE MALDONADO,45531.00,55582.00
615,0927648691,DOREL,JUAREZ,1987-11-28,H,Guayas,ISIDRO AYORA,56511.00,90485.00
616,0927215715,BELISARIO,MACIA,1986-04-08,H,Guayas,YAGUACHI,64447.00,39597.00
617,1254329608,ANISOARA,RUBIALES,1972-02-16,M,Los Ríos,VINCES,50532.00,13622.00
618,1228003024,JUAN NICOLAS,MONTERDE,1985-06-03,H,Los Ríos,QUEVEDO,9484.00,62305.00
619,0511571507,MAHAMADOU,RODAS,1974-07-09,H,Cotopaxi,LA MANA,15035.00,62392.00
620,0947620795,MIREYA,LORENZO,1982-08-25,M,Guayas,BALAO,83508.00,20562.00
621,1731088330,FIDEL,FONT,1989-10-05,H,Pichincha,RUMIÑAHUI,13595.00,30790.00
622,0353004526,TUDOR,OLTRA,1976-10-10,H,Cañar,EL TAMBO,72566.00,56291.00
623,1339740274,GENARA,LLACER,1972-09-30,M,Manabí,24 DE MAYO,14221.00,81757.00
624,1123081398,MARIA OLIVA,SANABRIA,1981-08-05,M,Loja,CHAGUARPAMBA,53798.00,32306.00
625,1737730711,CELINA,IRIARTE,1976-12-05,M,Pichincha,SAN MIGUEL DE LOS BANCOS,31046.00,50718.00
626,1335295034,JOSU,CLAVERIA,1987-10-31,H,Manabí,PORTOVIEJO,22819.00,60400.00
627,0905399523,CHRISTIAN,MONTALBAN,1981-08-17,H,Guayas,COLIMES,86514.00,13438.00
628,1042995264,TXOMIN,ACUÃ‘A,1985-11-25,H,Imbabura,IBARRA,24947.00,85462.00
629,0952877272,ROSA,GONGORA,1988-01-11,M,Guayas,GUAYAQUIL,33249.00,93612.00
630,1734152307,RAFAELA,REVUELTA,1976-05-16,M,Pichincha,PEDRO MONCAYO,48177.00,74462.00
631,0907669014,ERNESTINA,LEDESMA,1988-07-22,M,Guayas,SAMBORONDON,64965.00,25180.00
632,0902429273,SHEREZADE,REDONDO,1973-03-27,M,Guayas,PALESTINA,1153.00,57363.00
633,1453883983,MARIA CONSOLACION,TOMA,1987-11-07,M,Morona Santiago,TIWINTZA,19358.00,32316.00
634,1033977537,HAMID,MIRO,1981-09-09,H,Imbabura,ANTONIO ANTE,48381.00,64450.00
635,0817728298,MAGALI,BARRANCO,1985-12-11,M,Esmeraldas,RIOVERDE,66505.00,81076.00
636,0907260616,WILMA,BLAYA,1987-02-14,M,Guayas,SANTA LUCIA,52943.00,5053.00
637,1728417237,MARIA RITA,CEDEÃ‘O,1985-10-26,M,Pichincha,SAN MIGUEL DE LOS BANCOS,25178.00,84040.00
638,1709648529,ZAID,PALOMERO,1981-10-08,H,Pichincha,PUERTO QUITO,32291.00,37791.00
639,0957655913,LUZ DARY,COLORADO,1973-03-20,M,Guayas,GUAYAQUIL,58325.00,89006.00
640,0928518547,INOCENTE,LAMELA,1987-12-27,H,Guayas,LOMAS DE SARGENTILLO,45677.00,17275.00
641,1736133842,IRATXE,ROMERA,1974-09-25,M,Pichincha,SAN MIGUEL DE LOS BANCOS,76067.00,75564.00
642,0555227818,BREOGAN,MALAGON,1983-07-29,H,Cotopaxi,PUJILI,9491.00,78581.00
643,1723034680,FATIMA ZAHRA,MANCERA,1982-05-27,M,Pichincha,PEDRO VICENTE MALDONADO,68681.00,41984.00
644,0903092252,SOUKAINA,VALLE,1971-11-26,M,Guayas,MILAGRO,81482.00,57297.00
645,0135294916,MONICA ISABEL,UCEDA,1986-04-11,M,Azuay,GUALACEO,35886.00,79566.00
646,0941288714,LUCA,FELIX,1979-09-06,H,Guayas,PLAYAS,27948.00,19429.00
647,0952269751,XAVIER,FORTEA,1974-11-14,H,Guayas,NOBOL,86018.00,39753.00
648,1702549864,IRATXE,VIÃ‘A,1988-06-15,M,Pichincha,MEJIA,36119.00,15244.00
649,0844298455,ERICA,VILANOVA,1990-03-17,M,Esmeraldas,QUININDE,26922.00,96173.00
650,1704473592,FRANCISCA CARMEN,VIVANCO,1984-01-19,M,Pichincha,PEDRO VICENTE MALDONADO,73799.00,84280.00
651,1827642511,MARIA AMOR,VILLEGAS,1980-06-16,M,Tungurahua,AMBATO,76354.00,92483.00
652,1728190917,JOSE MARIO,ESPINO,1973-04-21,H,Pichincha,SAN MIGUEL DE LOS BANCOS,8028.00,22712.00
653,1753808730,ENAITZ,PALENCIA,1973-05-30,H,Pichincha,PEDRO MONCAYO,64603.00,29617.00
654,1839873484,GERARDO JOSE,PINO,1979-04-23,H,Tungurahua,QUERO,73117.00,79995.00
655,1747721957,ANALIA,ANDRADES,1989-12-30,M,Pichincha,RUMIÑAHUI,85186.00,88166.00
656,1232281814,LIBIA,ZHU,1990-11-10,M,Los Ríos,VALENCIA,59270.00,36696.00
657,1325968590,MAYRA,MOLINA,1974-10-25,M,Manabí,OLMEDO,59308.00,87829.00
658,1722362843,EUGENIA MARIA,CHAMORRO,1982-01-17,M,Pichincha,SAN MIGUEL DE LOS BANCOS,19294.00,12710.00
659,1315246981,PEDRO IGNACIO,YE,1986-06-03,H,Manabí,ROCAFUERTE,5027.00,65154.00
660,1716549561,YAROSLAV,VILARIÃ‘O,1984-01-03,H,Pichincha,SAN MIGUEL DE LOS BANCOS,76832.00,29747.00
661,1727104695,ROBLEDO,SANDE,1980-10-28,M,Pichincha,CAYAMBE,30384.00,1621.00
662,1742937467,CARMEN ROSARIO,PALENZUELA,1985-05-29,M,Pichincha,PEDRO MONCAYO,77567.00,95570.00
663,1232579746,RECAREDO,OLIVA,1983-01-22,H,Los Ríos,QUEVEDO,33026.00,53453.00
664,1708557747,ACHRAF,DOPICO,1979-06-27,H,Pichincha,CAYAMBE,25952.00,59362.00
665,1754857116,TALIA,ADROVER,1977-08-12,M,Pichincha,SAN MIGUEL DE LOS BANCOS,37927.00,24208.00
666,0846057750,SERAFINA,SOTELO,1973-09-25,M,Esmeraldas,QUININDE,59357.00,77468.00
667,0948344361,RAIMON,GARDE,1988-06-11,H,Guayas,SIMON BOLIVAR,43614.00,50367.00
668,0858637291,NATANAEL,BORONAT,1982-04-06,H,Esmeraldas,MUISNE,55723.00,55543.00
669,0925350613,JAMILA,DE LA IGLESIA,1987-05-30,M,Guayas,SANTA LUCIA,49377.00,90347.00
670,0909805830,ALAZNE,DOPICO,1984-03-27,M,Guayas,NOBOL,35353.00,23662.00
671,1348893973,YESICA,ALCANTARA,1988-09-25,M,Manabí,PORTOVIEJO,45470.00,32850.00
672,0537648677,IRENE,ADAME,1988-10-30,M,Cotopaxi,PUJILI,22479.00,85105.00
673,0914372966,NICOLAU,SANTAELLA,1974-11-23,H,Guayas,GUAYAQUIL,66430.00,98666.00
674,2348950441,MARIA LIDON,GIJON,1990-02-27,M,Santo Domingo,SANTO DOMINGO DE LOS TSACHILAS,22093.00,10481.00
675,0935051789,MARICELA,CORBALAN,1981-12-24,M,Guayas,GENERAL ANTONIO ELIZALDE,70736.00,85905.00
676,1807917859,VICTOR RAUL,MANCHA,1979-11-01,H,Tungurahua,PATATE,32537.00,44309.00
677,1819764760,FRANÃ‡OISE,ROSSELLO,1987-05-02,M,Tungurahua,QUERO,8480.00,91121.00
678,1811673225,JOSEFA ROSA,QUEZADA,1983-10-21,M,Tungurahua,BAÑOS,51476.00,19197.00
679,1336770894,ALEJANDRO DANIEL,DE PRADO,1978-12-07,H,Manabí,PEDERNALES,45637.00,69994.00
680,2458273410,DALMACIO,BERENGUER,1974-01-24,H,Santa Elena,LIBERTAD,43807.00,20527.00
681,0923543268,VICTOR DANIEL,ARRANZ,1976-06-08,H,Guayas,CORONEL MARCELINO MARIDUEÑA,61423.00,58150.00
682,0751888462,ARANCHA,ATIENZA,1988-02-04,M,El Oro,HUAQUILLAS,27559.00,76054.00
683,1828710614,AHMAD,MATAS,1987-01-07,H,Tungurahua,SAN PEDRO DE PELILEO,87496.00,46991.00
684,0711163998,LUDIVINA,CAMPO,1988-10-25,M,El Oro,MARCABELI,66959.00,45145.00
685,0749238408,ALEJANDRO MANUEL,ABADIA,1980-12-15,H,El Oro,ATAHUALPA,50538.00,65197.00
686,0912207941,FERNANDO,CAMPILLO,1976-11-06,H,Guayas,PEDRO CARBO,76726.00,62101.00
687,1348489814,CARLOS ALEJANDRO,ALMANSA,1988-05-18,H,Manabí,MANTA,22426.00,44143.00
688,1709530701,BARBARA,ARQUES,1978-08-13,M,Pichincha,MEJIA,90018.00,81516.00
689,1253639262,ABILIA,BERNABE,1973-06-21,M,Los Ríos,MONTALVO,77334.00,24268.00
690,2233655840,SALVATORE,RAYA,1989-10-11,H,Orellana,AGUARICO,27617.00,67430.00
691,0929574853,RODICA,ARBELO,1984-02-24,M,Guayas,DURAN,59402.00,56929.00
692,1049393596,VIVIAN,GARMENDIA,1974-05-16,M,Imbabura,COTACACHI,69103.00,59394.00
693,1045051107,ONA,BRIONES,1988-12-04,M,Imbabura,ANTONIO ANTE,39819.00,22967.00
694,0727389264,RAHMA,MURILLO,1978-08-21,M,El Oro,PORTOVELO,79757.00,57015.00
695,0154297402,NIEVES,FORTES,1986-12-30,M,Azuay,SANTA ISABEL,37152.00,54219.00
696,0745472928,MAIDER,LEON,1987-07-22,M,El Oro,MACHALA,3963.00,81340.00
697,0937835254,JALAL,ROCAMORA,1978-06-27,H,Guayas,BALAO,46624.00,41097.00
698,0922352968,GIUSEPPE,MERCADER,1990-05-28,H,Guayas,ALFREDO BAQUERIZO MORENO ,64409.00,26337.00
699,0101159382,SILVIU,ORTS,1984-07-30,H,Azuay,SANTA ISABEL,94090.00,98832.00
700,1851031888,CARLOS JOSE,BARROS,1987-03-14,H,Tungurahua,TISALEO,49251.00,30379.00
701,0556163145,CHANTAL,GUELL,1973-04-23,M,Cotopaxi,LA MANA,38772.00,92564.00
702,0914283668,JOSE GUILLERMO,TEJERA,1984-11-01,H,Guayas,URBINA JADO,4544.00,47282.00
703,1324935178,PATRICIA ISABEL,CALVENTE,1985-07-13,M,Manabí,OLMEDO,11090.00,57442.00
704,2242195671,CIRILO,FABREGAT,1989-08-16,H,Orellana,ORELLANA,37219.00,82984.00
705,0826622045,JACOBA,RUIZ,1978-08-17,M,Esmeraldas,LA CONCORDIA,87438.00,55644.00
706,0946441698,MIGUEL JESUS,ALCAÃ‘IZ,1973-12-19,H,Guayas,LOMAS DE SARGENTILLO,76492.00,2119.00
707,0925571416,MARIA VISITACION,SOBRINO,1978-07-20,M,Guayas,SIMON BOLIVAR,22521.00,19452.00
708,1746606274,CLAUDIA MILENA,GAMARRA,1983-12-14,M,Pichincha,PEDRO MONCAYO,55482.00,87883.00
709,1456560406,KATIA,SANTANDER,1971-05-17,M,Morona Santiago,TIWINTZA,97123.00,10552.00
710,0919961763,ROSA MARY,FUENTE,1983-08-10,M,Guayas,PLAYAS,14416.00,72546.00
711,0949250971,ALFONSO CARLOS,CERRILLO,1977-03-26,H,Guayas,COLIMES,99155.00,89666.00
712,0329001457,FUENSANTA,CENTENO,1983-10-29,M,Cañar,LA TRONCAL,45559.00,60839.00
713,1721077657,JUAN SANTIAGO,RIVAS,1975-10-17,H,Pichincha,QUITO,70974.00,31395.00
714,0938233855,EVA,ROY,1980-06-24,M,Guayas,GENERAL ANTONIO ELIZALDE,28489.00,15000.00
715,0949858872,HAMED,GARATE,1978-10-22,H,Guayas,COLIMES,91980.00,1887.00
716,1732211394,CARLOTA MARIA,CABO,1972-10-04,M,Pichincha,PEDRO MONCAYO,50454.00,67914.00
717,0823381678,MARIA LEONOR,TORRAS,1972-08-24,M,Esmeraldas,ELOY ALFARO,28619.00,49354.00
718,2238608067,JUAN MARIO,BECERRIL,1986-10-27,H,Orellana,LA JOYA DE LOS SACHAS,43714.00,79559.00
719,1823086176,COLIN,LIMA,1985-04-15,H,Tungurahua,CEVALLOS,92380.00,2478.00
720,1339366393,MIGUEL EDUARDO,VENDRELL,1980-07-30,H,Manabí,FLAVIO ALFARO,87259.00,92182.00
721,1741650509,GEORGI,SALGUEIRO,1979-06-05,H,Pichincha,MEJIA,68280.00,67834.00
722,1348942515,ISMAEL,DIEGUEZ,1975-06-12,H,Manabí,PAJAN,23506.00,67176.00
723,0555804061,GADOR,FREIRE,1974-02-12,M,Cotopaxi,LATACUNGA,55127.00,20513.00
724,0728045675,RUTH MARIA,PAREDES,1971-07-28,M,El Oro,PIÑAS,62470.00,18366.00
725,1313525642,PABLO ANGEL,STANCIU,1982-12-30,H,Manabí,OLMEDO,45807.00,59776.00
726,0657389995,SABAS,PRADES,1972-08-25,H,Chimborazo,CUMANDA,7852.00,94865.00
727,1315000230,RAMON JESUS,ALMODOVAR,1982-11-28,H,Manabí,JAMA,91862.00,64437.00
728,0917931677,SERGIO ALEJANDRO,ANTUÃ‘A,1986-11-29,H,Guayas,ALFREDO BAQUERIZO MORENO ,13623.00,88910.00
729,1423870169,URBANA,ARELLANO,1982-09-10,M,Morona Santiago,SANTIAGO,97324.00,11312.00
730,1725076325,JORGE JESUS,MARTI,1990-09-06,H,Pichincha,RUMIÑAHUI,98195.00,43950.00
731,1733268070,YING,CALABUIG,1972-06-03,M,Pichincha,SAN MIGUEL DE LOS BANCOS,51043.00,31733.00
732,1045247259,SANTIAGO,HERREROS,1972-10-31,H,Imbabura,SAN MIGUEL DE URCUQUI,4444.00,42617.00
733,1357503018,LUZ AMPARO,BRUNET,1989-06-16,M,Manabí,CHONE,75336.00,91724.00
734,0559756135,BOGDAN,RIAÃ‘O,1990-06-11,H,Cotopaxi,SAQUISILI,61025.00,80007.00
735,1324904422,LAURA ELENA,MONTANER,1982-03-12,M,Manabí,JUNIN,85550.00,31233.00
736,0902886886,JOSEPH,ARANDA,1989-11-27,H,Guayas,CORONEL MARCELINO MARIDUEÑA,89312.00,62038.00
737,1359834262,ALAN,DOS SANTOS,1978-08-19,H,Manabí,ROCAFUERTE,30373.00,97736.00
738,1743778274,MARIA LAURA,MANZANARES,1974-11-05,M,Pichincha,CAYAMBE,48360.00,94260.00
739,0941947699,VICENTE MANUEL,MULET,1990-11-23,H,Guayas,EL TRIUNFO,40686.00,92272.00
740,0413296401,GERONIMA,SANTANDER,1984-07-07,M,Carchi,SAN PEDRO DE HUACA,11813.00,30808.00
741,0631925799,BENITO,RONCERO,1978-12-01,H,Chimborazo,PENIPE,8280.00,85505.00
742,0903631125,AZIZA,MELGAREJO,1971-05-26,M,Guayas,PLAYAS,11421.00,36530.00
743,1711043370,ISAURA,VILLARREAL,1987-05-29,M,Pichincha,CAYAMBE,20756.00,61444.00
744,0531502979,ERMITAS,POLO,1987-07-10,M,Cotopaxi,LA MANA,53774.00,19824.00
745,1003801758,OXANA,CORBACHO,1983-12-21,M,Imbabura,OTAVALO,59714.00,65840.00
746,2342931934,LOREDANA,PLA,1973-02-22,M,Santo Domingo,SANTO DOMINGO DE LOS TSACHILAS,2478.00,26878.00
747,0156844789,GINES,BAZ,1987-08-12,H,Azuay,GIRON,40649.00,66414.00
748,0654326438,ESTEVE,PARIENTE,1987-07-21,H,Chimborazo,COLTA,11855.00,31213.00
749,0902199520,NADEZDA,AYUSO,1973-11-13,M,Guayas,NARANJITO,41268.00,12167.00
750,0948565585,ANTONIO SANTIAGO,ARES,1971-12-15,H,Guayas,ISIDRO AYORA,59090.00,37599.00
751,2319410672,ATANAS,BELLVER,1986-02-26,H,Santo Domingo,SANTO DOMINGO DE LOS TSACHILAS,88187.00,37336.00
752,1703744365,PAVLO,MARCH,1990-04-23,H,Pichincha,PEDRO MONCAYO,32346.00,44756.00
753,0357039635,MARIA RAMOS,LUPU,1977-07-07,M,Cañar,DELEG,95304.00,18599.00
754,1702436617,PEDRO JESUS,REQUEJO,1972-10-01,H,Pichincha,QUITO,28497.00,70734.00
755,1106554098,YING,SANGUINO,1981-10-06,M,Loja,LOJA,37098.00,34169.00
756,1152110258,BIBIANO,LUGO,1977-07-16,H,Loja,QUILANGA,71379.00,90235.00
757,0644034878,ELIAS,FELIX,1973-03-05,H,Chimborazo,PALLATANGA,12649.00,20151.00
758,1749953137,FULGENCIA,CANOSA,1973-07-14,M,Pichincha,SAN MIGUEL DE LOS BANCOS,22375.00,57520.00
759,2424615314,ROBLEDO,FARRES,1972-01-20,M,Santa Elena,SANTA ELENA,4585.00,68076.00
760,0811789635,ABILIO,VELASQUEZ,1984-08-05,H,Esmeraldas,ESMERALDAS,77606.00,14974.00
761,0954143467,LEONISA,AMADOR,1983-06-03,M,Guayas,ISIDRO AYORA,40473.00,67438.00
762,0702928334,IOSU,CERRATO,1985-09-01,H,El Oro,PORTOVELO,45022.00,52657.00
763,1737349595,JOSE MIGUEL,QUERO,1979-03-26,H,Pichincha,RUMIÑAHUI,6894.00,75142.00
764,2402389924,ANTONIA CARMEN,VINAGRE,1981-03-01,M,Santa Elena,SALINAS,50152.00,99933.00
765,1729346286,SALAH EDDINE,LORA,1989-09-12,H,Pichincha,PUERTO QUITO,1695.00,38985.00
766,1743443887,NICULAE,AGUSTIN,1980-05-21,H,Pichincha,SAN MIGUEL DE LOS BANCOS,34506.00,4159.00
767,0902795780,ANA SOFIA,VACAS,1977-11-07,M,Guayas,NARANJITO,48422.00,76905.00
768,2154774281,ROSARIO FATIMA,BALLESTER,1981-04-19,M,Sucumbíos,GONZALO PIZARRO,41722.00,51614.00
769,1201859913,KARIMA,ZHENG,1977-01-19,M,Los Ríos,BUENA FE,87745.00,82423.00
770,1344896475,CARLOS ANDRES,ROURA,1971-08-03,H,Manabí,JUNIN,90259.00,71459.00
771,1152557672,CAROL,MONDEJAR,1979-09-02,M,Loja,OLMEDO,22821.00,79579.00
772,1337806846,JAVIERA,LORCA,1974-08-26,M,Manabí,PORTOVIEJO,36698.00,29146.00
773,1327458145,EMIL,NUÃ‘O,1975-06-09,H,Manabí,OLMEDO,21722.00,83477.00
774,1302807621,FRANK,ROBLES,1985-03-18,H,Manabí,SAN VICENTE,83625.00,38588.00
775,0908459977,COSMIN,GALIANA,1971-08-19,H,Guayas,PEDRO CARBO,25985.00,13299.00
776,1317748695,MARIA BELLA,PUERTO,1980-01-26,M,Manabí,JIPIJAPA,12766.00,69929.00
777,0324305044,PRECIOSA,GAMARRA,1975-03-14,M,Cañar,BIBLIAN,19819.00,57558.00
778,0751717711,DOMENEC,BELTRAN,1978-04-26,H,El Oro,PORTOVELO,83884.00,55156.00
779,0721780047,JOHN ALEXANDER,PETROVA,1987-04-20,H,El Oro,CHILLA,55659.00,66319.00
780,1437531047,JOSE MARIO,HERNANZ,1982-07-23,H,Morona Santiago,LOGROÑO,92891.00,33654.00
781,0352469266,SEBASTIAN,POSTIGO,1983-12-27,H,Cañar,LA TRONCAL,2087.00,98299.00
782,0907742225,MANUEL JAVIER,URBANO,1984-04-20,H,Guayas,EL EMPALME,43780.00,43640.00
783,0545382244,INOCENCIO,MANSO,1984-01-24,H,Cotopaxi,PANGUA,99252.00,59511.00
784,1351148547,MARCOS JAVIER,SORIA,1981-11-22,H,Manabí,SAN VICENTE,33671.00,97512.00
785,1758270167,ANA CONCEPCION,FERRANDIS,1985-04-02,M,Pichincha,QUITO,7143.00,18560.00
786,0708669288,NATHALIA,SICILIA,1972-03-02,M,El Oro,BALSAS,11795.00,21086.00
787,1203232556,DARIO,SOBRINO,1983-10-11,H,Los Ríos,VINCES,57447.00,15710.00
788,0904946670,MARIA LUISA,BELINCHON,1984-01-02,M,Guayas,URBINA JADO,70039.00,69434.00
789,1748382320,MARIA AMPARO,SALOM,1975-09-30,M,Pichincha,RUMIÑAHUI,68514.00,90028.00
790,1729428209,MARIA PEÃ‘A,VAÃ‘O,1988-07-05,M,Pichincha,CAYAMBE,31185.00,45983.00
791,0908880636,ALMUDENA,RIAÃ‘O,1989-08-28,M,Guayas,COLIMES,59910.00,79717.00
792,0221410665,JOAN MANEL,REBOLLO,1987-03-26,H,Bolívar,ECHEANDIA,53625.00,24187.00
793,1707301410,TAYEB,ROSALES,1980-12-26,H,Pichincha,SAN MIGUEL DE LOS BANCOS,75334.00,60130.00
794,0917359713,IULIANA,MOLINS,1990-09-09,M,Guayas,PLAYAS,72892.00,64552.00
795,1258327012,PETYA,LASO,1978-01-03,M,Los Ríos,URDANETA,51380.00,36215.00
796,0928322502,FRANCISCO ANTONIO,BEDOYA,1989-03-18,H,Guayas,CORONEL MARCELINO MARIDUEÑA,5257.00,3033.00
797,1724153539,ANGEL MIGUEL,TORRES,1989-10-07,H,Pichincha,QUITO,46558.00,59402.00
798,1305435651,ARCADIA,MANZANO,1982-02-22,M,Manabí,PEDERNALES,37346.00,57291.00
799,0109449025,ASENSIO,MADUEÃ‘O,1976-03-17,H,Azuay,GUALACEO,8848.00,44166.00
800,0658669262,MARIA MERCED,TRONCOSO,1984-05-28,M,Chimborazo,GUAMOTE,89677.00,44974.00
801,0925067803,HIGINIA,SANDU,1990-06-19,M,Guayas,PEDRO CARBO,32437.00,67360.00
802,1833364811,RUSLAN,ROSADO,1978-02-23,H,Tungurahua,TISALEO,62098.00,57614.00
803,0951033265,NELSON,SOTO,1988-12-04,H,Guayas,NARANJAL,80923.00,15823.00
804,0943653055,FRANCISCA PILAR,FONTANET,1981-07-30,M,Guayas,SIMON BOLIVAR,21308.00,26747.00
805,0914460068,LEKBIR,GUAL,1974-12-23,H,Guayas,BALAO,59195.00,79514.00
806,0956299010,XIMENA,HEREDERO,1975-01-13,M,Guayas,CORONEL MARCELINO MARIDUEÑA,9339.00,19851.00
807,0926994369,BONIFACIA,DOMINGO,1985-01-18,M,Guayas,ISIDRO AYORA,76006.00,98824.00
808,1705488300,MARIA FE,BENAVENTE,1985-11-07,M,Pichincha,CAYAMBE,6290.00,29719.00
809,0916708720,SHAHZAD,WU,1974-12-16,H,Guayas,ISIDRO AYORA,33644.00,66218.00
810,1734030974,MARIA RUTH,DALMAU,1986-08-22,M,Pichincha,MEJIA,34848.00,70003.00
811,1305628933,MIHAI,EXTREMERA,1984-04-14,H,Manabí,EL CARMEN,2860.00,52385.00
812,1312149329,MAGALY,SIERRA,1972-07-16,M,Manabí,MANTA,45549.00,41195.00
813,1309799557,RUBEN JOSE,LANGA,1986-02-10,H,Manabí,PUERTO LOPEZ,79332.00,86914.00
814,1809221516,JEFFREY,ESTEBANEZ,1972-07-17,H,Tungurahua,AMBATO,8942.00,91129.00
815,0618889596,JOSE MARCOS,DUQUE,1971-11-10,H,Chimborazo,GUANO,89328.00,47842.00
816,2105129387,JOSE DAVID,TOLEDO,1989-04-09,H,Sucumbíos,CASCALES,31264.00,1818.00
817,1313339341,KARINE,BERNARDO,1973-09-28,M,Manabí,JIPIJAPA,60102.00,75496.00
818,1827054089,DIMITAR,AMAYA,1984-05-06,H,Tungurahua,TISALEO,41896.00,73511.00
819,0128965597,FRANCISCO PEDRO,MAGRO,1985-04-26,H,Azuay,NABON,81376.00,25600.00
820,0946586609,MARIA ENCARNACION,BRIONES,1982-11-28,M,Guayas,DAULE,56559.00,76743.00
821,1203635204,SAID,FABREGAT,1987-08-30,H,Los Ríos,PALENQUE,49030.00,22275.00
822,1343589410,PAUL,AGULLO,1979-06-20,H,Manabí,PAJAN,97229.00,84579.00
823,0934356890,CLARA INES,DEL AGUILA,1986-06-24,M,Guayas,PALESTINA,59305.00,68789.00
824,1246150831,ISABELINO,IVANOV,1989-05-25,H,Los Ríos,MOCACHE,77254.00,17015.00
825,1702703305,MARCIANO,GALINDO,1981-06-15,H,Pichincha,CAYAMBE,26872.00,73741.00
826,1248235267,ESTELA,PEIRO,1971-09-19,M,Los Ríos,BABAHOYO,93832.00,20910.00
827,0909975401,DOMENICO,CERDA,1987-06-28,H,Guayas,BALAO,2412.00,12143.00
828,0757930128,GERALDINE,MUELAS,1987-09-25,M,El Oro,LAS LAJAS,10069.00,24511.00
829,0808509301,MARCOS MANUEL,ELENA,1977-04-11,H,Esmeraldas,QUININDE,28077.00,88161.00
830,0355481037,ANA CLAUDIA,ACOSTA,1989-08-11,M,Cañar,CAÑAR,74229.00,54919.00
831,2358060164,DELFINA,CARDOSO,1989-05-15,M,Santo Domingo,SANTO DOMINGO DE LOS TSACHILAS,296.00,41656.00
832,2143860878,JAN,PAJUELO,1987-06-01,H,Sucumbíos,LAGO AGRIO,85985.00,33550.00
833,0919992859,KILIAN,VILLALOBOS,1989-04-12,H,Guayas,COLIMES,86558.00,19916.00
834,0547343541,NOAH,CERVERA,1975-08-20,M,Cotopaxi,SALCEDO,18773.00,76323.00
835,0936235647,HERBERT,ALEMANY,1972-09-06,H,Guayas,EL TRIUNFO,44557.00,13455.00
836,0928708460,NICOMEDES,PEREZ,1981-07-26,H,Guayas,PALESTINA,99803.00,8541.00
837,0946579885,ANTONIO TOMAS,VADILLO,1978-05-22,H,Guayas,BALAO,68040.00,50730.00
838,0909105603,ENARA,DEL CAMPO,1990-09-02,M,Guayas,EL EMPALME,53735.00,55100.00
839,0755967593,MANUEL RAFAEL,NIEVES,1977-09-19,H,El Oro,PORTOVELO,72526.00,51949.00
840,1823731078,ARAN,MORGADO,1985-04-05,H,Tungurahua,CEVALLOS,41216.00,48523.00
841,0602907214,ENZO,CAMACHO,1989-11-27,H,Chimborazo,COLTA,89564.00,69373.00
842,0103013389,GUSTAVO,CEDEÃ‘O,1984-04-05,H,Azuay,CAMILO PONCE ENRIQUEZ,66779.00,62815.00
843,1203019334,JAVIER MANUEL,VILLEGAS,1989-08-29,H,Los Ríos,QUEVEDO,54914.00,52727.00
844,0956933121,ESTIBALITZ,FELIU,1990-06-07,M,Guayas,PEDRO CARBO,2640.00,67768.00
845,0119407591,MARCOS,POMARES,1977-01-27,H,Azuay,CUENCA,85687.00,12992.00
846,0522909613,ARMANDO JOSE,RIUS,1989-10-12,H,Cotopaxi,SIGCHOS,32106.00,4826.00
847,0844401265,MAIKA,MONTIEL,1979-07-31,M,Esmeraldas,MUISNE,13385.00,12661.00
848,0901609586,GINA,MORILLA,1974-04-07,M,Guayas,COLIMES,62563.00,21737.00
849,1302543051,OSAMA,MASO,1989-08-25,H,Manabí,PICHINCHA,57145.00,44642.00
850,0954220398,LISA,ISLA,1973-11-28,M,Guayas,EL TRIUNFO,89975.00,61174.00
851,0901612929,MIHAI,ELIAS,1973-06-17,H,Guayas,NARANJAL,50552.00,93437.00
852,1038226849,AMIN,CISNEROS,1971-09-27,H,Imbabura,PIMAMPIRO,31832.00,2164.00
853,1303584773,MARIA CONSUELO,LECHUGA,1985-08-12,M,Manabí,BOLIVAR,76049.00,33640.00
854,1319226484,SALUD,BARO,1987-02-10,M,Manabí,SANTA ANA,16032.00,85919.00
855,1036444196,YANETH,JUSTO,1982-05-03,M,Imbabura,SAN MIGUEL DE URCUQUI,18230.00,90107.00
856,1753092566,ZHOR,MIGUEL,1984-08-06,M,Pichincha,SAN MIGUEL DE LOS BANCOS,88499.00,55875.00
857,1314217991,EUDALD,VALBUENA,1971-02-21,H,Manabí,PICHINCHA,13469.00,14164.00
858,2354063121,YAROSLAV,CASILLAS,1971-06-27,H,Santo Domingo,SANTO DOMINGO DE LOS TSACHILAS,54766.00,75011.00
859,0932984388,REMEDIOS,CISSE,1983-01-14,M,Guayas,ALFREDO BAQUERIZO MORENO ,78938.00,23474.00
860,0941345407,RIANSARES,VILLALON,1983-09-25,M,Guayas,PLAYAS,83220.00,69731.00
861,0433479714,MARIA DORINDA,MEDEROS,1973-06-25,M,Carchi,MONTUFAR,97614.00,91931.00
862,0926108895,ANGEL ANDRES,ELENA,1979-07-11,H,Guayas,BALZAR,66680.00,58365.00
863,1707185805,MONICA ALEXANDRA,CASTELLANOS,1987-12-07,M,Pichincha,RUMIÑAHUI,30209.00,77361.00
864,1714023684,MARIA ILUMINADA,JUAREZ,1978-10-22,M,Pichincha,CAYAMBE,31970.00,87382.00
865,0731814570,MANUEL RICARDO,CASTEJON,1982-06-28,H,El Oro,ZARUMA,79266.00,46834.00
866,0911083467,JUANA MARIA,LEDO,1981-04-15,M,Guayas,PLAYAS,8213.00,51135.00
867,1355508043,REYES,MONTOYA,1982-08-19,M,Manabí,EL CARMEN,32697.00,35606.00
868,1309406658,MARIA VALLE,DEL CAMPO,1976-07-28,M,Manabí,EL CARMEN,75336.00,87222.00
869,0756180329,MARIA ROSA,ARCO,1988-07-11,M,El Oro,EL GUABO,49309.00,48229.00
870,1347600551,AMADOR,ESCODA,1985-07-09,H,Manabí,ROCAFUERTE,1846.00,39521.00
871,0932390537,ILDEFONSO,PRADOS,1972-03-06,H,Guayas,PLAYAS,54787.00,2639.00
872,0158560797,YOLANDA,SOMOZA,1989-05-31,M,Azuay,SEVILLA DE ORO,62591.00,59928.00
873,1107007732,RICARDO MIGUEL,MESTRE,1989-08-15,H,Loja,PINDAL,58318.00,36125.00
874,1757514391,JOSE RAUL,MORON,1978-04-05,H,Pichincha,MEJIA,80466.00,97859.00
875,1326902341,ANTONIO JOAQUIN,RONCERO,1982-09-20,H,Manabí,SAN VICENTE,38978.00,53163.00
876,0909821720,DANTE,FERRERO,1989-09-25,H,Guayas,MILAGRO,35129.00,30707.00
877,1859782672,BERNARDO JOSE,MESAS,1988-06-26,H,Tungurahua,PATATE,79315.00,66466.00
878,0915658074,MARIA HENAR,PUIG,1983-05-23,M,Guayas,GUAYAQUIL,76188.00,18701.00
879,0941164386,MARCELO,DEL POZO,1975-12-11,H,Guayas,PALESTINA,47902.00,82040.00
880,0801552324,OLALLA,MEDINA,1980-06-27,M,Esmeraldas,RIOVERDE,96588.00,97360.00
881,0956200695,TATYANA,GIL,1979-06-08,M,Guayas,YAGUACHI,12720.00,53527.00
882,0748814696,VIRGINIA,DE ARRIBA,1987-11-12,M,El Oro,ATAHUALPA,98006.00,71485.00
883,0918278797,JUANA FRANCISCA,GARAY,1986-07-02,M,Guayas,GUAYAQUIL,37510.00,17117.00
884,0941137606,GLORIA ELENA,SALAS,1979-11-29,M,Guayas,SAMBORONDON,21656.00,76853.00
885,0935554766,MARIA TERESA,CORRALES,1985-11-16,M,Guayas,PLAYAS,43386.00,35560.00
886,0603658527,DAVID FRANCISCO,GAMBOA,1990-06-16,H,Chimborazo,PALLATANGA,32260.00,18000.00
887,2338315639,VICTOR JESUS,GUASCH,1979-04-02,H,Santo Domingo,SANTO DOMINGO DE LOS TSACHILAS,37472.00,22998.00
888,1758404238,JUAN SANTIAGO,CARMONA,1978-06-21,H,Pichincha,PEDRO VICENTE MALDONADO,20930.00,37216.00
889,0944485606,OIER,BARRAGAN,1987-11-02,H,Guayas,NARANJITO,79837.00,657.00
890,1308546850,ERNESTO JOSE,TABARES,1989-10-05,H,Manabí,CHONE,19672.00,9033.00
891,0915098024,RICARDO JESUS,MATEU,1978-11-21,H,Guayas,NOBOL,65156.00,17624.00
892,0803076223,RICARDO ALBERTO,CARPINTERO,1974-11-05,H,Esmeraldas,ESMERALDAS,76086.00,39042.00
893,0645081670,MARIA MONICA,OTERO,1987-12-11,M,Chimborazo,GUAMOTE,24081.00,84918.00
894,1708369515,MARKO,FELIPE,1971-03-03,H,Pichincha,MEJIA,70510.00,44833.00
895,1751449297,ILIAS,BERNARDO,1978-04-27,H,Pichincha,PUERTO QUITO,90436.00,32036.00
896,0641719869,SOL,VARO,1989-08-04,M,Chimborazo,PENIPE,16553.00,71326.00
897,1726937392,PEDRO JESUS,VEIGA,1979-04-23,H,Pichincha,PEDRO MONCAYO,18297.00,4775.00
898,1437973082,GEORGI,YANES,1981-02-03,H,Morona Santiago,GUALAQUIZA,41086.00,98275.00
899,0303723654,SALAH,PINEDA,1979-12-25,H,Cañar,DELEG,91224.00,24860.00
900,1742488743,RUTH,FIGUEIRAS,1990-05-04,M,Pichincha,SAN MIGUEL DE LOS BANCOS,14910.00,44395.00
901,0925598195,PEDRO DANIEL,DEL MORAL,1987-11-26,H,Guayas,CORONEL MARCELINO MARIDUEÑA,93780.00,63150.00
902,0733756340,MARIA VILLA,TEIXIDO,1974-11-25,M,El Oro,CHILLA,59196.00,91125.00
903,1826816603,FATIMA EZZAHRA,QUILES,1983-07-11,M,Tungurahua,PATATE,60416.00,61276.00
904,0511586745,ANGEL ANTONIO,ADAN,1980-12-21,H,Cotopaxi,LA MANA,20260.00,88118.00
905,0953673522,LOPE,ARCE,1988-09-11,H,Guayas,ALFREDO BAQUERIZO MORENO ,95926.00,32263.00
906,1149658864,YVONNE,CARCELES,1977-08-08,M,Loja,OLMEDO,27781.00,34157.00
907,0931399141,AMANDA,RIO,1971-08-02,M,Guayas,PEDRO CARBO,33175.00,18735.00
908,0145206322,DOROTEO,ILLAN,1986-01-26,H,Azuay,SAN FERNANDO,57826.00,79306.00
909,1246145856,PALMIRA,SEOANE,1982-09-01,M,Los Ríos,VENTANAS,73532.00,34494.00
910,1822559785,ALBA LUCIA,GARIJO,1974-06-01,M,Tungurahua,TISALEO,83672.00,15058.00
911,2245413980,VICTORIA ISABEL,VIGIL,1988-09-25,M,Orellana,AGUARICO,3388.00,47918.00
912,1744797380,JUAN GABRIEL,SIGUENZA,1990-06-03,H,Pichincha,QUITO,30459.00,89789.00
913,2346049873,LUCIO,EZQUERRO,1984-09-21,H,Santo Domingo,SANTO DOMINGO DE LOS TSACHILAS,27417.00,12060.00
914,0605432822,MARILUZ,ZORRILLA,1987-01-20,M,Chimborazo,GUANO,25662.00,1855.00
915,0718112402,BRUNA,VARELA,1977-05-20,M,El Oro,PORTOVELO,17808.00,36890.00
916,0917220378,MARYAM,FIERRO,1981-12-08,M,Guayas,PEDRO CARBO,52437.00,3290.00
917,0907715312,ALBERTO JAVIER,SUAREZ,1986-11-26,H,Guayas,NARANJITO,56851.00,83186.00
918,0925408429,NATALIE,CAMINO,1972-03-08,M,Guayas,MILAGRO,29364.00,1482.00
919,1754156378,MANSOUR,AGUERO,1971-04-16,H,Pichincha,PEDRO VICENTE MALDONADO,3896.00,24699.00
920,0548582063,DAN,CORREDERA,1981-12-26,H,Cotopaxi,PUJILI,87496.00,74667.00
921,0226437077,HOUDA,MANEIRO,1983-03-31,M,Bolívar,CALUMA,7465.00,20900.00
922,0918706243,NACHO,GOMEZ,1988-12-23,H,Guayas,PLAYAS,43165.00,23954.00
923,0154019483,ANGEL DAVID,PALENZUELA,1982-07-17,H,Azuay,EL PAN,11951.00,19390.00
924,0928823178,JOANA MARIA,BLANCA,1980-03-25,M,Guayas,BALZAR,13123.00,27228.00
925,1358517140,ALBERTO ANTONIO,RIAÃ‘O,1989-01-05,H,Manabí,MANTA,15287.00,91959.00
926,0828463448,SAMUEL,INSUA,1975-10-19,H,Esmeraldas,ATACAMES,70855.00,47896.00
927,0112281159,ANN,URANGA,1985-08-11,M,Azuay,SANTA ISABEL,97812.00,89598.00
928,0637976440,DESIRE,PAZ,1984-07-24,M,Chimborazo,CHUNCHI,83740.00,41788.00
929,0156214686,AURORA MARIA,CARRION,1972-09-14,M,Azuay,PAUTE,55068.00,52784.00
930,0951241447,LUDIVINA,GOMES,1989-10-24,M,Guayas,PLAYAS,65006.00,97569.00
931,0925810517,JOSUE,BAENA,1982-07-22,H,Guayas,NARANJAL,10059.00,25321.00
932,1307739712,ALSIRA,RAPOSO,1973-08-13,M,Manabí,PEDERNALES,63478.00,26432.00
933,0538653973,SALVADOR JESUS,AMOR,1982-12-21,H,Cotopaxi,SIGCHOS,77404.00,52510.00
934,0914223235,JAVIER EDUARDO,RECIO,1976-06-17,H,Guayas,GENERAL ANTONIO ELIZALDE,48188.00,52755.00
935,2339085959,CHRISTIAN,GIRONA,1978-04-18,H,Santo Domingo,SANTO DOMINGO DE LOS TSACHILAS,6517.00,74137.00
936,0741549232,RICARDA,MALAGON,1990-11-19,M,El Oro,PIÑAS,33920.00,23520.00
937,1854261904,IMANOL,GARRIDO,1990-09-10,H,Tungurahua,SAN PEDRO DE PELILEO,54725.00,87141.00
938,1324888989,JORGE VICENTE,LLAMAZARES,1980-02-15,H,Manabí,ROCAFUERTE,55613.00,34352.00
939,0959144890,CONSOLACION,GUIU,1982-08-01,M,Guayas,SAMBORONDON,58570.00,23266.00
940,1112903909,ALEXEY,SOTELO,1979-04-21,H,Loja,GONZANAMA,48487.00,51103.00
941,1214267625,HRISTO,SALVADO,1980-10-23,H,Los Ríos,VALENCIA,16250.00,54618.00
942,1209324803,MARIA ESTIBALIZ,MUELA,1988-02-26,M,Los Ríos,VALENCIA,4057.00,32335.00
943,0956128847,MICHEL,ROMAN,1987-05-02,H,Guayas,PLAYAS,33621.00,29658.00
944,0909537730,REINALDO,SEVILLANO,1988-10-30,H,Guayas,ISIDRO AYORA,69480.00,54389.00
945,2345853036,KHALED,MAYA,1979-10-09,H,Santo Domingo,SANTO DOMINGO DE LOS TSACHILAS,47330.00,81883.00
946,1719376640,JULIAN JOSE,MULA,1975-11-01,H,Pichincha,QUITO,1779.00,59464.00
947,1046461750,CARLOS IVAN,PUJADAS,1983-08-21,H,Imbabura,ANTONIO ANTE,46265.00,39598.00
948,0726671522,SEVERIANA,RODENAS,1985-05-23,M,El Oro,LAS LAJAS,30045.00,61709.00
949,1129127690,CRISTOFER,AMOEDO,1976-07-15,H,Loja,PUYANGO,85135.00,33223.00
950,1708505589,MARIANNA,POL,1980-09-18,M,Pichincha,SAN MIGUEL DE LOS BANCOS,31494.00,30080.00
951,0943466557,AMJAD,ALMAGRO,1975-06-05,H,Guayas,SANTA LUCIA,50290.00,78755.00
952,1219590344,CRISTO,NEIRA,1977-12-28,H,Los Ríos,MOCACHE,39106.00,8375.00
953,0928889674,DEMBA,BENAVENT,1986-06-17,H,Guayas,LOMAS DE SARGENTILLO,94384.00,7392.00
954,1704116068,JANICE,QUINTANA,1974-10-14,M,Pichincha,CAYAMBE,28932.00,60493.00
955,0944310176,IONEL,AGUERO,1976-11-28,H,Guayas,EL EMPALME,17173.00,26350.00
956,1711040822,EUNICE,POZUELO,1984-04-26,M,Pichincha,RUMIÑAHUI,79672.00,40019.00
957,2322351400,ADNAN,PIQUE,1976-02-13,H,Santo Domingo,SANTO DOMINGO DE LOS TSACHILAS,72023.00,21630.00
958,1719210088,MIGUEL MARIA,GOMIS,1988-02-14,H,Pichincha,PUERTO QUITO,42640.00,40924.00
959,1757741788,MAXIMILIAN,MATUTE,1973-12-18,H,Pichincha,PUERTO QUITO,15863.00,27184.00
960,1704662939,DIEGO JOSE,GUEYE,1975-06-06,H,Pichincha,PEDRO MONCAYO,61649.00,1496.00
961,1352504995,JUNCAL,COBO,1988-05-03,M,Manabí,PAJAN,44392.00,5679.00
962,1544767427,SANTIAGO MANUEL,SELLES,1985-09-02,H,Napo,ARCHIDONA,10048.00,32359.00
963,1714774757,ALONSO,BALBUENA,1988-06-14,H,Pichincha,PEDRO MONCAYO,20213.00,7239.00
964,0959847799,ABDOULAYE,JAUME,1987-05-14,H,Guayas,GUAYAQUIL,42618.00,18862.00
965,1724902224,OMAYRA,REINOSO,1972-05-09,M,Pichincha,CAYAMBE,37639.00,12387.00
966,0918048513,ESTHER LIDIA,COLOM,1974-01-12,M,Guayas,EL TRIUNFO,56676.00,41878.00
967,0654122100,BENIGNA,LOPERA,1984-09-20,M,Chimborazo,CUMANDA,20474.00,58727.00
968,1252392400,JANET,ORTA,1987-08-26,M,Los Ríos,PUEBLOVIEJO,46910.00,95217.00
969,1758305047,MARIANA,ROMEO,1977-10-22,M,Pichincha,PUERTO QUITO,38861.00,80917.00
970,0935907279,OMAYRA,DEL OLMO,1976-04-02,M,Guayas,NOBOL,60580.00,61270.00
971,0935232488,SIRO,SUERO,1984-03-03,H,Guayas,DURAN,60520.00,78063.00
972,2121539122,MARIA JESUS,VERDE,1971-02-10,M,Sucumbíos,SHUSHUFINDI,31297.00,48454.00
973,1218115739,JESUS JUAN,POP,1972-11-09,H,Los Ríos,QUEVEDO,34103.00,76688.00
974,1348370105,JESUS RAFAEL,BALLESTA,1977-11-15,H,Manabí,SUCRE,53452.00,98282.00
975,0415362169,ANTXON,BARAJAS,1974-05-01,H,Carchi,ESPEJO,83300.00,24059.00
976,1751303577,MARIA VALLE,VALIDO,1975-09-08,M,Pichincha,QUITO,38951.00,10306.00
977,1737244192,RALUCA,CORTIJO,1989-03-11,M,Pichincha,SAN MIGUEL DE LOS BANCOS,49615.00,91675.00
978,1348125632,MANUEL FRANCISCO,LOUREIRO,1978-08-07,H,Manabí,PUERTO LOPEZ,77007.00,89598.00
979,1247868076,ANTONIA ISABEL,VALDIVIA,1974-08-30,M,Los Ríos,BUENA FE,11198.00,70215.00
980,1716577695,MARIA CORTES,CIOBANU,1972-09-09,M,Pichincha,PEDRO MONCAYO,68005.00,3299.00
981,0707722203,CARLOS RAFAEL,PARIS,1980-05-26,H,El Oro,CHILLA,77141.00,39850.00
982,1051131157,YASSIR,LOIS,1984-11-06,H,Imbabura,IBARRA,58023.00,94567.00
983,0934161746,DANI,NICOLAS,1984-11-28,H,Guayas,DAULE,11998.00,73687.00
984,0948813225,EMILIO JESUS,CONEJO,1984-08-10,H,Guayas,PEDRO CARBO,33599.00,58829.00
985,2341630420,DALIA,BERENGUER,1986-03-06,M,Santo Domingo,SANTO DOMINGO DE LOS TSACHILAS,92856.00,72576.00
986,1359494620,MAXIMILIANA,ALCAÃ‘IZ,1983-12-13,M,Manabí,TOSAGUA,73272.00,89019.00
987,0937527547,MARIA ESTRELLA,RONCERO,1983-01-13,M,Guayas,SIMON BOLIVAR,27012.00,30981.00
988,1735310037,MARGALIDA,DE PABLO,1977-08-18,M,Pichincha,QUITO,60478.00,69319.00
989,0903759967,ANTONIO PEDRO,EZQUERRO,1986-04-24,H,Guayas,DURAN,88843.00,37326.00
990,0952884153,OBDULIO,NUÃ‘O,1982-02-23,H,Guayas,MILAGRO,49754.00,8518.00
991,1636129361,MARIA JOSEFINA,TROYANO,1987-05-31,M,Pastaza,PASTAZA,2580.00,58.00
992,0901138420,MICHAEL JAMES,ESTEPA,1982-02-09,H,Guayas,SANTA LUCIA,13855.00,96337.00
993,0926966730,ELEUTERIA,BENJUMEA,1981-03-01,M,Guayas,SANTA LUCIA,81802.00,51921.00
994,1731349617,KRZYSZTOF,TIRADO,1983-10-16,H,Pichincha,PUERTO QUITO,59342.00,80109.00
995,1326280276,MAR,DE LA RUBIA,1980-12-14,M,Manabí,EL CARMEN,44978.00,7872.00
996,1525293609,SERENA,MERA,1985-11-24,M,Napo,QUIJOS,2563.00,65631.00
997,1559204886,ROBERTO LUIS,VIEIRA,1982-06-09,H,Napo,EL CHACO,65643.00,27973.00
998,0909131179,ADIL,TEJADA,1978-03-20,H,Guayas,PALESTINA,48286.00,89802.00
999,1021523327,PABLO IGNACIO,HERMOSO,1987-10-01,H,Imbabura,ANTONIO ANTE,97153.00,82977.00
1000,1817523242,BELINDA,ROMEU,1986-05-01,M,Tungurahua,PATATE,82224.00,20631.00
